thumb,index,middle,ring,pinky,palm_normal_angle,class
4176.12097,6038.12824,5949.76541,5732.1491,5415.87645,168.23611,zero
4185.83738,6041.0102,5987.25074,5754.43956,5409.56293,168.58927,zero
4198.71419,6064.25929,6030.94965,5796.20978,5437.85095,169.86622,zero
4227.74076,6048.73594,6017.93409,5766.8918,5416.40595,169.6412,zero
4240.20377,6018.13591,6017.63801,5742.87963,5354.44373,168.05503,zero
4309.72168,5939.02719,5944.15655,5665.37463,5278.92717,166.39763,zero
4386.55576,5948.91784,5864.59131,5594.35123,5320.41505,169.76396,zero
4323.2731,6035.16726,5914.06459,5659.11771,5281.26614,169.60734,zero
4401.10873,6033.93098,5876.00977,5663.62354,5353.02812,170.77074,zero
4306.25837,6044.75022,5849.53634,5653.27999,5352.92998,170.07003,zero
3418.26632,6231.84027,5764.57468,5740.17852,5788.19595,163.39898,zero
3462.77068,6235.13189,5771.37887,5741.12729,5781.04127,163.44701,zero
3443.34067,6238.96093,5754.25885,5723.58496,5796.43259,163.78738,zero
3427.59502,6264.0735,5772.71035,5733.6513,5801.70036,163.7284,zero
3446.93675,6287.29698,5801.39097,5751.84727,5808.71592,163.3257,zero
3469.50269,6282.78543,5829.77541,5770.84068,5804.42157,163.41681,zero
3466.8393,6267.55166,5800.02253,5748.89482,5793.9246,163.6114,zero
3467.06077,6269.14605,5799.24179,5751.40661,5790.49146,163.23863,zero
3524.58107,6259.85441,5817.50291,5762.15759,5784.29292,163.2414,zero
3561.52113,6251.53175,5823.24264,5767.12538,5775.57234,163.37612,zero
3352.70609,6748.02753,6504.15002,6181.48093,5963.35674,71.33829,zero
3350.4078,6694.03248,6515.3895,6210.01138,5988.4187,71.12951,zero
3207.83236,6731.71102,6556.02158,6254.30055,5980.07819,71.90936,zero
3273.10321,6664.92128,6453.93211,6188.14233,5985.56893,72.50326,zero
3258.65718,6657.445,6469.4424,6195.85363,5990.8365,72.04567,zero
3207.31408,6658.05415,6461.28167,6162.95246,5990.26898,71.59097,zero
3362.33241,6732.41634,6534.4015,6216.5008,5986.62663,71.12476,zero
3321.60581,6788.1024,6603.53238,6260.70733,5979.75299,70.64371,zero
3334.28769,6749.52176,6555.72046,6224.46129,5979.42954,70.68687,zero
3318.07543,6817.92063,6644.79132,6290.90972,5961.46826,70.79306,zero
3374.90307,6353.74619,6070.56879,5849.30989,5697.10306,89.11188,zero
3386.87954,6383.89802,6084.80719,5861.18159,5689.39248,89.12277,zero
3447.07208,6446.96953,6090.20511,5855.13288,5678.25366,88.5153,zero
3534.08504,6434.14009,6108.97432,5871.35012,5627.0875,87.54527,zero
3576.76709,6442.98468,6106.63149,5870.82073,5619.12682,87.49824,zero
3537.43336,6457.32414,6088.07054,5862.01373,5628.92397,87.09672,zero
3544.88172,6433.76682,6044.22006,5838.46276,5643.32163,86.986,zero
3505.2202,6442.64262,6052.21737,5842.68835,5652.00992,87.45695,zero
3563.20584,6423.55775,6052.56776,5846.11371,5641.35492,87.23956,zero
3440.11369,6441.72083,6035.69078,5825.28501,5659.53001,88.02348,zero
3923.83424,6161.72944,6074.04172,5628.67223,5338.60563,157.11348,zero
3917.83382,6188.946,6073.29787,5618.27581,5323.41987,157.65593,zero
3861.61103,6210.8267,6122.12251,5657.53353,5356.76946,157.44202,zero
3886.59413,6194.68136,6076.93129,5628.74635,5349.47072,157.35252,zero
3910.39906,6176.81313,6058.2123,5620.98634,5347.39707,157.29749,zero
3893.51016,6137.98509,5989.33312,5565.83754,5295.57354,157.06387,zero
3900.26341,6160.48157,6008.54069,5575.62281,5312.26486,157.27758,zero
3891.00107,6207.28049,6058.64932,5601.6445,5329.79324,157.62924,zero
3965.60686,6166.39231,6017.93411,5570.59679,5289.4115,157.01579,zero
3896.44501,6217.86229,6091.41104,5615.55959,5322.01837,157.30748,zero
3533.58058,6230.94401,5974.83154,5877.88462,5898.85003,155.68396,zero
3435.75841,6209.29087,5918.47488,5835.46507,5907.36798,155.17244,zero
3480.419,6175.38794,5899.42347,5797.87753,5896.11959,154.583,zero
3524.09923,6190.13536,5883.58349,5783.9829,5885.60187,154.73079,zero
3317.34199,6213.35053,5853.78494,5768.1923,5892.34016,152.98652,zero
3398.90014,6251.17328,5867.1126,5761.47528,5887.88812,154.05466,zero
3382.32282,6249.64976,5853.82597,5746.36966,5884.34322,153.70089,zero
3325.87079,6259.59438,5869.6889,5755.17475,5894.12226,153.03969,zero
3293.42303,6251.2273,5871.53605,5768.41222,5908.37397,152.2553,zero
3249.0476,6287.9028,5876.91017,5775.42217,5925.63975,152.32085,zero
4076.47384,6412.54401,6179.39626,5826.10292,5689.48156,165.35555,zero
3863.62491,6550.22259,6298.8997,6036.98595,5935.75294,162.36145,zero
3877.2063,6530.94941,6314.64199,6037.05356,5894.85843,162.67359,zero
3842.92358,6526.63359,6305.17475,6027.03989,5881.0498,163.19641,zero
3872.9087,6528.48595,6300.19132,6019.18375,5879.47787,163.06339,zero
3826.36565,6559.27417,6300.46417,6041.06962,5908.41449,162.93538,zero
4147.34441,6424.45545,6324.45752,5988.82866,5822.68657,164.12509,zero
3987.85031,6462.71608,6353.37747,6039.31788,5887.89934,163.56445,zero
4025.58288,6450.59042,6366.29006,6040.2218,5868.94779,163.67182,zero
4049.00616,6435.6209,6330.42376,6008.088,5863.87726,163.53139,zero
3749.0536,6096.95263,5833.05645,5768.43285,5918.70177,158.92753,zero
3748.70033,6153.75886,5899.91033,5809.73402,5924.35222,158.48354,zero
3732.56511,6151.90995,5910.83393,5819.21934,5926.2114,158.59727,zero
3691.54554,6242.34295,5952.51139,5842.05012,5927.46462,158.43756,zero
3680.82145,6226.6649,5971.93071,5866.65378,5932.04138,158.29163,zero
3662.47312,6238.47587,5967.42641,5857.45132,5922.58662,158.46462,zero
3698.80884,6194.59094,5948.28343,5847.71021,5924.54531,158.87747,zero
3750.00012,6184.12805,5954.29714,5850.88989,5921.48154,159.05762,zero
3776.63239,6172.43264,5956.82439,5853.49969,5921.25263,158.99272,zero
3716.30092,6177.70349,5931.44496,5834.27843,5922.09851,158.97261,zero
3773.96585,6220.07635,6107.0442,5841.13249,5737.28966,105.23094,zero
3811.25149,6194.23927,6060.8532,5798.0557,5728.26974,104.78249,zero
3891.66175,6123.28973,5979.74373,5708.21627,5674.26522,104.09913,zero
3750.56132,6203.59924,6051.80473,5774.85452,5694.69531,105.32954,zero
3672.91183,6227.51415,6067.70905,5787.99476,5705.43443,105.39602,zero
3683.23264,6201.09999,6025.2137,5737.2872,5674.89521,105.25826,zero
3703.74201,6190.17113,6010.39291,5725.66034,5673.4363,105.45733,zero
3698.82975,6185.02537,5975.51331,5710.67645,5685.43117,105.50069,zero
3885.69799,6158.01119,6043.46003,5744.83604,5623.17979,108.60182,zero
3940.57858,6169.03055,6084.13505,5790.75503,5625.18224,110.27221,zero
2962.71214,5821.13932,5847.58668,6155.76421,5940.9807,115.24442,zero
3048.52583,5781.85345,5833.56868,6174.9391,5975.38346,116.66085,zero
3018.6366,5798.36746,5837.2036,6161.03353,5962.37021,116.70724,zero
3019.69176,5783.81626,5829.98668,6159.19365,5927.10101,116.71735,zero
2940.97981,5859.76382,5931.78453,6223.16062,6069.50056,115.25126,zero
2893.1533,5867.51054,5925.63926,6250.29857,6126.51817,116.9002,zero
2927.37968,5870.39288,5929.43289,6244.17271,6107.06907,116.10002,zero
2898.79975,5909.06352,5933.12641,6248.8793,6138.16537,117.10798,zero
2878.38755,5901.71045,5925.11514,6247.82304,6135.22885,118.52885,zero
2880.33434,5888.00447,5918.85178,6238.42802,6113.36556,118.22612,zero
4342.89263,6166.7149,5808.24766,5586.68158,5515.13173,173.72103,zero
4347.43245,6165.49664,5760.58809,5516.54254,5440.65403,173.19522,zero
4344.43605,6167.77554,5706.14476,5498.13116,5484.51478,172.47207,zero
4279.56643,6201.22288,5848.12879,5634.13531,5532.19698,173.13788,zero
4409.49584,6148.69589,5857.90074,5622.81276,5475.46925,173.2799,zero
4366.74349,6171.50146,5884.53893,5656.85833,5506.12768,173.66367,zero
4329.86703,6185.53468,5896.38296,5672.18217,5524.25818,173.54569,zero
4389.21268,6140.26312,5845.35023,5623.69979,5489.90466,172.94181,zero
4336.45719,6120.83798,5776.43236,5587.50983,5505.88236,170.95428,zero
4347.06707,6125.95334,5784.49191,5588.67245,5500.96703,171.09892,zero
3925.30454,6302.68662,6070.25637,5785.09658,5642.29973,167.467,zero
3894.6358,6314.20111,6095.93752,5814.72618,5673.15287,167.35237,zero
3984.87759,6286.82983,6079.9276,5786.3623,5656.96744,167.88042,zero
3966.53534,6295.36939,6072.45969,5781.90001,5663.26149,168.00305,zero
3908.37791,6320.26363,6126.74673,5832.28277,5658.30947,167.39527,zero
3906.00018,6319.80328,6135.48929,5855.35016,5684.39783,166.99593,zero
3919.11368,6320.7545,6167.19949,5877.90773,5683.04188,167.03463,zero
3923.34652,6325.09094,6166.97735,5871.62583,5689.25746,166.79612,zero
3942.43854,6314.92449,6155.51337,5858.66529,5670.343,166.96859,zero
3948.32271,6308.4304,6152.87363,5852.88738,5668.71907,167.21283,zero
3420.05138,6340.47139,6256.68487,5960.19341,5376.03194,159.81412,zero
3361.34289,6273.27135,6209.81875,5942.29545,5414.89557,160.7311,zero
3376.87734,6261.35026,6243.34696,5988.28155,5422.75658,160.46739,zero
3347.29303,6301.21336,6252.82704,5975.97785,5442.62322,160.26615,zero
3336.65658,6268.32033,6226.20741,5965.57266,5450.53098,160.40783,zero
3317.69209,6274.9903,6243.63908,5987.39451,5437.06852,160.075,zero
3346.59251,6271.34252,6229.18381,5972.56648,5456.7956,160.82171,zero
3325.9165,6281.90969,6250.8187,5993.3274,5455.39039,160.52815,zero
3374.99473,6274.14352,6231.5773,5978.95036,5464.70964,161.25201,zero
3386.43017,6302.81949,6236.06821,5983.10986,5447.16085,160.47958,zero
3204.82813,6149.71782,6162.66756,6296.82586,6101.89516,116.85588,zero
3109.50363,6228.37351,6195.13677,6290.78299,6074.36507,116.80791,zero
3166.78468,6206.57875,6166.37422,6250.30009,5977.91164,115.82924,zero
3079.63396,6221.22053,6153.87095,6272.02898,6057.33712,115.2052,zero
3060.02412,6239.29652,6175.64915,6276.89446,6058.56334,115.83933,zero
3015.14683,6219.23677,6184.44444,6278.08644,6047.06297,115.90503,zero
3013.5847,6199.95153,6174.86918,6269.39508,6022.39445,115.48741,zero
3055.97533,6218.06631,6219.26217,6236.54979,5928.04657,113.72886,zero
3118.92359,6246.58931,6197.66101,6250.52089,5937.10017,114.07102,zero
3006.32955,6267.54717,6166.43885,6249.74563,5956.45563,114.80492,zero
3194.94777,6855.50142,6382.49793,6145.90569,6141.24986,86.57281,zero
2766.92671,6895.11184,6419.04548,6169.14485,6148.2215,86.39832,zero
3014.26923,6825.15109,6415.71335,6162.64151,6148.9828,85.52063,zero
3114.53291,6777.64878,6426.13118,6160.86098,6142.18376,83.49731,zero
3033.66578,6785.83272,6421.32364,6156.12897,6144.04939,83.9786,zero
3016.47659,6788.13453,6431.26788,6160.29967,6148.13267,83.40216,zero
2823.76022,6768.21316,6425.08894,6172.24329,6140.10138,83.39002,zero
2913.96947,6802.71469,6430.3312,6187.01896,6153.29788,84.50207,zero
3098.40189,6810.18369,6445.70047,6195.50222,6161.27251,85.46661,zero
3097.88948,6783.97899,6431.91834,6175.56302,6135.27662,84.44103,zero
3759.2598,6301.49573,6316.58642,6189.05745,5865.01648,76.59808,zero
3654.05308,6219.75687,6228.63577,6153.40295,5896.69604,76.49799,zero
3742.2217,6225.29092,6236.39048,6141.79272,5874.07144,76.73416,zero
3618.47028,6241.36588,6258.67006,6151.13047,5865.56248,76.82062,zero
3660.12443,5933.4439,6061.05464,6042.08063,6057.07859,78.55946,zero
3694.14466,6066.11687,6191.1346,6110.97715,6000.84348,77.04763,zero
3661.17424,6092.07469,6189.66853,6105.57066,5985.08933,77.70004,zero
3752.64704,6094.33254,6176.77988,6094.32249,6017.41477,78.00539,zero
3719.13382,6111.43793,6188.89342,6094.95161,5982.44208,78.0663,zero
3753.86489,6019.29923,6137.31144,6064.48646,6028.97034,78.72372,zero
4555.78248,6027.08323,5669.77872,5479.64912,5386.14367,164.82044,zero
4499.42651,6058.39752,5705.70415,5516.90673,5414.64619,163.65852,zero
4574.98263,6035.97999,5667.91654,5475.30073,5386.9512,164.76065,zero
4538.21027,6055.7338,5715.31464,5512.80469,5419.24976,164.17231,zero
4569.99202,6053.11203,5667.02895,5489.69835,5408.1968,165.72162,zero
4543.75511,6061.91893,5684.04657,5479.9525,5403.43188,165.39535,zero
4484.35543,6092.88617,5687.91655,5500.32783,5412.6624,164.74345,zero
4465.51641,6091.9765,5669.63575,5488.76313,5417.91892,164.80643,zero
4499.66628,6074.74135,5654.14977,5477.19865,5416.04388,165.78771,zero
4536.61783,6069.0708,5648.3568,5462.06708,5392.39918,165.72274,zero
3475.69572,6431.47614,5586.54933,5438.38815,6031.98427,84.79094,zero
3510.93349,6452.43764,5637.52736,5472.63327,5992.06829,85.65051,zero
3587.60611,6403.0927,5611.85172,5462.25259,6017.12,85.65394,zero
3585.64912,6513.9697,5701.8068,5519.15162,5997.89618,85.34877,zero
3598.48124,6580.98072,5813.93932,5599.3198,5962.21226,85.44421,zero
3562.40645,6521.25827,5757.98552,5563.16158,5985.62992,86.14739,zero
3578.20805,6479.74494,5706.92581,5524.99511,6004.22497,86.72894,zero
3575.75538,6363.52897,5606.64387,5467.15553,6038.31455,87.28488,zero
3599.07869,6395.54198,5629.44126,5482.09376,6020.57982,87.4168,zero
3566.61406,6450.28675,5666.26102,5505.92752,5999.97217,87.17818,zero
3791.67862,6452.26142,6221.88324,6017.65499,5967.25361,101.12087,zero
3786.78743,6443.50563,6184.82634,5982.16658,5979.74514,100.28069,zero
3901.43493,6474.63778,6282.31237,6046.90973,5955.80405,100.31971,zero
3844.25494,6473.09227,6249.07005,6022.64744,5965.90732,100.49089,zero
3881.99158,6477.63756,6289.87209,6051.82478,5963.81895,101.07773,zero
3905.17602,6487.80404,6305.12634,6061.2612,5960.22828,100.72702,zero
3902.93851,6479.87275,6287.63175,6048.46652,5962.5432,100.4426,zero
3912.32267,6456.2064,6255.97112,6026.6766,5954.41187,100.17117,zero
3893.62981,6477.96949,6282.99411,6047.98406,5967.45681,99.89885,zero
3901.41611,6463.74257,6265.44531,6036.19277,5962.70389,99.89016,zero
3923.62224,6336.50161,6129.38651,5939.38233,6026.8125,99.35259,zero
3986.14153,6328.36481,6119.48308,5935.64165,6035.985,100.12115,zero
4021.20439,6299.06713,6102.49683,5925.69552,6029.285,100.96155,zero
4005.32929,6326.78992,6122.44484,5934.86137,6021.62204,101.39952,zero
3992.82528,6365.96156,6193.58929,5995.36029,6021.34337,101.32941,zero
3980.78643,6393.41961,6209.43488,5990.86558,6023.80545,99.39386,zero
3987.39262,6372.49094,6172.39124,5968.35007,6027.42815,99.41358,zero
4008.72236,6355.98614,6176.43623,5973.65277,6031.56055,99.92567,zero
3984.55112,6341.17766,6148.61243,5957.00677,6035.73024,99.56524,zero
3939.27323,6358.08304,6161.49817,5971.46698,6033.23023,99.83264,zero
3188.9223,1701.04379,6250.49008,6011.49394,5516.82309,171.94149,one
3164.5228,785.18549,6152.62512,5915.30871,5451.3529,172.47747,one
3085.70573,699.47156,6105.49306,5896.05758,5389.5736,172.2627,one
3008.12519,747.94086,6102.74131,5901.06792,5402.41269,172.23016,one
3030.14107,687.51922,6112.62578,5898.24211,5404.88737,172.7764,one
3074.73582,719.25803,6111.35815,5906.33144,5398.80715,171.69844,one
3070.06698,707.89943,6125.17661,5917.11448,5410.18459,171.85031,one
3062.97037,727.08469,6122.69966,5917.03808,5415.05141,171.81285,one
3034.39231,735.73901,6108.20387,5897.37215,5400.22991,171.70831,one
3027.51603,762.23492,6115.76763,5900.98128,5403.41314,171.46204,one
2799.30391,459.83466,6224.70735,6101.13116,5680.74077,170.20911,one
2850.47063,413.94747,6220.04227,6096.35953,5662.61267,170.05215,one
2769.33703,461.77602,6236.23442,6120.32739,5681.59966,170.14011,one
2874.36905,412.86507,6226.16043,6100.2191,5651.09338,169.62261,one
2841.74152,416.34226,6225.86681,6103.98933,5663.47787,169.64163,one
2917.24227,394.37638,6167.44464,6059.33269,5618.27262,169.62828,one
2881.08771,407.14414,6168.79409,6058.12421,5630.63171,169.71333,one
2899.58944,397.20391,6168.89054,6066.38918,5636.06851,169.48298,one
2850.76744,413.754,6156.92097,6058.14073,5635.76369,169.69042,one
2911.62179,567.8359,6113.06943,5902.87834,5556.00113,163.70618,one
2216.0668,1111.59871,6470.9857,6238.93759,6239.01691,83.31214,one
2199.98279,1024.31139,6473.83584,6243.79653,6236.09209,83.88696,one
2192.53287,1009.50327,6473.03419,6247.78439,6238.98532,84.25447,one
2134.4037,722.90321,6515.71481,6294.46091,6201.32266,87.20515,one
2167.61519,849.16317,6490.71476,6271.33285,6222.98138,85.91534,one
2104.54036,751.15005,6492.94217,6293.56809,6220.85696,87.16442,one
2146.18963,683.21014,6514.21361,6320.42841,6234.31181,87.78496,one
2146.13393,693.57143,6467.70721,6308.98742,6249.35476,88.03437,one
2139.52932,718.09529,6484.34676,6312.13325,6241.71528,88.06933,one
2125.8657,740.48841,6496.72026,6321.19599,6254.06923,87.90996,one
2328.94128,844.21954,6532.43802,6274.29238,6033.33254,93.15858,one
2259.00673,889.36597,6558.81441,6279.21346,6067.57689,92.22192,one
2279.59465,1169.31574,6534.45498,6311.63994,6025.35968,94.39489,one
2171.49278,844.2869,6366.91078,6269.64001,6028.1844,95.70462,one
2145.25473,710.14136,6400.00083,6285.00174,6055.59273,94.53914,one
2143.6333,720.41811,6387.38142,6275.48456,6051.30623,94.11452,one
2118.69846,680.78743,6390.28071,6280.25875,6063.25856,94.25697,one
2123.82752,756.17285,6361.34409,6266.51999,6052.29865,94.57419,one
2218.74458,692.82804,6494.31559,6299.20533,6056.86857,93.69642,one
2165.45015,709.8204,6402.76366,6284.45303,6060.06074,94.17942,one
2269.04389,840.49502,6568.09685,6490.7019,5991.70723,175.57686,one
2288.86491,852.46818,6542.27041,6466.0599,5977.48028,175.28586,one
2282.03049,878.06077,6538.05704,6463.9613,5969.89212,175.42975,one
2269.6683,855.53879,6515.00986,6457.48407,5968.83703,175.13143,one
2254.79484,833.38742,6535.468,6473.69433,5979.43584,175.60987,one
2292.07171,780.86445,6533.58863,6475.93904,5981.99469,175.33948,one
2259.16193,777.57628,6555.09466,6481.99659,5986.31875,175.26794,one
2251.14528,805.70181,6551.38784,6478.40292,5991.27286,174.98445,one
2287.72509,789.79995,6548.14709,6466.27162,5974.24299,175.07176,one
2296.13732,783.85,6555.21065,6475.13278,5965.81916,174.93833,one
2155.9605,692.3393,6664.2672,6480.40254,6322.67592,81.55556,one
2135.46264,441.09606,6542.8419,6405.77399,6302.07465,85.71887,one
2152.55799,437.05321,6553.30974,6415.31932,6313.84107,86.30817,one
2230.8489,623.97854,6631.21238,6459.58583,6386.08543,84.7472,one
2257.38113,586.29081,6612.61547,6447.99867,6385.7879,85.5712,one
2309.63433,592.50066,6618.57221,6450.30995,6406.14411,86.56649,one
2344.51636,605.9334,6607.93788,6450.16384,6398.46937,86.85691,one
2349.28501,624.52309,6618.63846,6458.80053,6401.52712,87.20113,one
2416.18643,598.71586,6625.30678,6487.90619,6411.08452,87.94436,one
2519.36607,635.35166,6645.3133,6498.76111,6428.20968,87.91627,one
2498.5849,790.90178,6073.25838,6111.19753,6034.25157,82.97458,one
2500.83155,821.37165,6089.0463,6113.22206,6034.88611,83.4869,one
2478.08652,725.64555,6095.59637,6119.28225,6046.56096,84.08634,one
2484.71152,716.87285,6103.53299,6119.70954,6036.14244,84.23029,one
2478.16269,734.22135,6089.46593,6114.12876,6036.80823,84.35066,one
2483.19159,705.92564,6111.69877,6138.31124,6043.48034,84.31092,one
2495.95523,715.63096,6100.95197,6114.81555,6035.27137,84.95775,one
2555.15265,720.86456,6079.86114,6128.91189,6034.88781,84.88761,one
2564.26587,738.48067,6086.00117,6125.0425,6031.1471,84.90083,one
2570.19038,721.79136,6072.30002,6112.77093,6029.82201,85.62925,one
2220.39941,615.42569,5947.06257,6006.97147,6101.95787,87.12541,one
2215.01543,623.38051,5946.95672,5994.61688,6070.83077,87.73508,one
2212.10549,684.09901,5995.94437,6002.5848,6011.69608,90.5787,one
2235.61069,672.63709,5968.29121,6002.29839,6057.95926,88.325,one
2160.69708,676.17066,6007.69654,6022.29749,6067.60032,88.6133,one
2292.98839,626.13477,5913.62451,5959.55705,6014.27152,91.13396,one
2253.48071,662.44515,5886.80022,5952.84652,6037.04441,90.80618,one
2289.95751,662.18107,5887.65338,5948.48429,5986.36911,92.62795,one
2317.15511,679.14015,5905.1672,5958.58291,5924.36496,94.05936,one
2165.21359,742.89357,6482.18352,6384.80089,5655.01743,129.50438,one
2044.93573,580.40929,6807.10179,6522.13388,6316.54253,89.98396,one
2118.00131,570.18051,6825.2297,6522.4059,6304.1082,90.79529,one
2126.64186,538.49219,6812.62288,6512.13504,6296.0305,90.96721,one
2263.4862,558.1425,6829.81589,6511.58054,6289.09829,90.69559,one
2366.79649,583.48367,6830.95232,6520.86299,6285.34847,90.40337,one
2368.87059,603.8128,6855.36213,6525.14402,6279.72091,90.96662,one
2380.14626,610.34868,6847.4674,6524.90193,6277.49343,90.93224,one
2383.46031,621.03041,6846.00716,6518.31688,6280.6279,90.99069,one
2306.43799,594.72048,6820.7088,6502.66827,6276.15538,90.83597,one
2147.46648,599.84592,6818.04133,6485.22933,6259.08012,91.21132,one
2810.12033,307.88133,5969.98217,5715.47055,5577.84713,98.4363,one
2797.87118,217.45645,5976.86415,5718.92962,5605.79959,98.9783,one
2817.97991,165.44793,6006.4454,5736.28797,5624.99664,99.05892,one
2808.30804,194.67181,6013.34471,5733.11647,5616.97996,98.5632,one
2804.71754,186.93922,6024.56088,5728.2369,5617.70326,98.62986,one
2724.33972,530.94797,6069.6927,5737.95216,5639.10155,98.09473,one
2742.83518,486.41467,6038.40225,5699.75721,5635.72667,97.62792,one
2785.90316,301.61259,6021.3009,5698.46098,5655.25884,98.41376,one
2790.61705,310.32505,6020.4862,5708.10094,5647.64894,98.09932,one
2804.50478,307.95503,6055.92467,5738.37678,5644.76797,98.15954,one
3156.1639,611.88944,6107.15066,5905.56761,5475.10278,171.20197,one
3163.83827,575.71328,6119.82722,5923.46003,5465.49445,172.94503,one
3205.00881,652.24314,6104.32173,5911.76919,5450.1441,172.99246,one
3254.64171,538.59617,6073.78757,5885.41779,5438.16473,173.04114,one
3360.04835,752.74586,6062.61708,5880.0116,5429.39059,173.21618,one
3353.35796,573.39175,6065.71859,5891.15051,5436.17993,172.81212,one
3374.55514,688.31288,6066.53612,5886.26107,5436.88875,173.6385,one
3394.59609,544.07152,6053.53757,5876.61516,5423.87735,173.89957,one
3442.22892,571.8331,6074.55703,5887.32391,5425.53366,174.17859,one
3420.70318,515.34473,6060.80765,5875.20904,5415.88427,173.51276,one
3647.66622,825.9264,5926.59811,5768.78733,5137.22213,176.00566,one
3622.0177,794.65169,5933.98914,5772.74511,5136.72111,176.07065,one
3608.99137,802.64657,5951.85518,5790.03465,5144.92796,176.00772,one
3605.2145,787.58049,5960.01204,5798.55628,5147.24559,175.94141,one
3588.57707,809.16593,5973.68369,5809.2698,5156.1895,176.03978,one
3594.81559,812.87522,5967.88595,5801.85584,5156.87065,176.10554,one
3603.2514,849.47918,5962.65803,5793.2253,5149.06572,176.31698,one
3588.6645,749.10701,5987.42167,5803.00655,5153.81624,176.83969,one
3584.61898,753.97656,5993.37766,5822.40739,5173.22522,176.13792,one
3579.41791,718.30369,5984.39794,5810.34289,5181.75941,176.43674,one
2470.77454,1508.46107,5929.88063,5684.31992,5797.91615,94.82486,one
2402.8728,1490.15121,5951.72675,5706.37992,5812.69907,95.07789,one
2488.35426,1449.06653,5917.73286,5674.41467,5782.68148,94.83234,one
2538.48156,1293.59354,5886.32691,5651.84539,5764.68078,95.29709,one
2486.37236,1311.18779,5870.01068,5636.58925,5764.91105,95.36497,one
2488.68478,1326.8168,5878.33005,5640.22137,5761.53186,95.48642,one
2475.26125,1376.58871,5910.00501,5661.9248,5773.75303,95.95687,one
2472.4359,1394.62051,5923.10048,5675.0994,5780.44409,95.93555,one
2437.26772,1406.98637,5890.08257,5646.71883,5775.97084,95.58775,one
2484.85875,1305.73124,5901.56179,5639.83206,5741.33639,96.00184,one
2187.2699,1010.17757,6305.55622,6016.40862,6050.02539,88.6689,one
2150.36539,1156.44424,6321.00575,6033.5507,6057.03361,89.78629,one
2155.91205,1082.99939,6347.77199,6051.22273,6053.4569,89.55194,one
2156.97508,1101.59612,6332.51189,6040.1411,6061.5399,89.36572,one
2137.99393,1090.14495,6319.99739,6032.66171,6065.12235,89.56512,one
2139.5665,1086.63482,6315.34709,6030.68739,6067.53679,89.70149,one
2123.11536,1059.01028,6303.5585,6021.08923,6055.68516,90.08365,one
2108.19819,1020.75019,6307.11176,6033.63748,6055.34572,90.08823,one
2104.72791,1009.37592,6316.91337,6041.00679,6056.28166,89.98396,one
2111.24854,1010.68016,6325.8537,6042.87671,6061.61063,90.0063,one
2588.3402,976.91698,6112.19675,6046.71248,6063.91487,72.94864,one
2577.47975,964.0877,6143.81503,6041.05046,6071.99059,74.48922,one
2588.2647,958.35435,6116.71,6037.53438,6070.22504,74.65973,one
2557.76247,958.56128,6150.03455,6048.72792,6083.18328,75.66561,one
2565.03097,875.44638,6161.95337,6030.9941,6071.25173,77.14348,one
2573.16524,814.33361,6067.22767,5997.96895,6077.05721,78.57122,one
2631.89996,840.11912,6088.77716,6001.12314,6072.66743,79.80962,one
2625.13062,848.38424,6073.68765,5990.01881,6079.76375,80.07264,one
2604.02263,808.34284,5988.50745,5949.55939,6094.85918,82.04823,one
2613.21225,821.14297,5989.90813,5954.55489,6089.30598,82.95033,one
2792.09127,1267.02075,6058.27671,5970.80856,5960.28424,78.26831,one
2753.39127,1268.7864,6085.14175,5985.03212,6000.03025,78.4408,one
2755.46401,1242.30438,6077.35615,5977.46363,5973.86069,78.41395,one
2783.12644,1234.80094,6066.19212,5974.28111,5959.4746,78.27173,one
2771.31689,1243.44131,6063.66335,5973.95049,5976.96012,78.20797,one
2736.00942,1213.82188,6053.87726,5975.67837,5983.13009,78.07513,one
2737.35438,1162.39731,6100.84478,6018.50236,5954.27938,76.70178,one
2741.41045,1242.52593,6077.82501,6005.5701,6026.63553,77.46473,one
2681.3902,1229.76373,6085.89039,6016.74955,6008.4831,76.77185,one
2679.189,1221.96418,6122.1622,6043.17293,6021.98386,76.72936,one
2951.58783,1400.50477,6712.13528,6372.14503,6214.3004,81.55727,one
2928.93831,1500.1928,6727.15803,6393.40239,6228.58871,81.13366,one
2931.61101,1573.1467,6706.98368,6357.98492,6218.20997,80.53528,one
2948.29442,1422.2743,6747.51189,6403.8834,6210.86924,81.54107,one
2958.3466,1402.48702,6764.92469,6400.59966,6207.5558,81.89486,one
3002.7349,1530.98585,6762.96937,6375.17694,6212.30896,81.42927,one
2966.99413,1488.68521,6765.79475,6373.41041,6216.47854,81.61752,one
2999.0783,1509.27263,6742.28611,6348.08241,6221.85934,81.59844,one
3014.19731,1460.13928,6741.25706,6357.35363,6225.01037,81.83176,one
3001.6781,1476.67046,6734.90311,6344.26619,6201.03023,81.64243,one
3298.42168,734.45629,6286.41599,6072.65187,5773.49346,117.92083,one
3062.3582,729.95294,6315.77835,6104.38767,5802.66585,117.83963,one
2849.97853,731.79001,6262.0259,6060.93738,5779.85635,118.77995,one
2840.09459,725.60377,6265.89981,6066.15263,5784.71277,118.62275,one
2803.81469,745.3391,6290.49667,6094.38251,5797.33015,118.08418,one
2820.11306,726.2046,6286.84266,6090.5312,5799.15048,118.87631,one
2849.78795,762.61137,6322.42083,6114.23646,5796.08748,117.98892,one
2948.78725,775.87116,6294.91857,6082.88731,5762.73995,117.78858,one
2876.64758,765.15539,6320.9148,6113.37525,5772.79615,118.71041,one
3023.82986,701.41915,6331.26568,6112.29591,5791.83507,116.97032,one
2262.55799,821.15216,5758.39487,5822.55842,5945.12374,109.2822,one
2391.14632,862.27838,5737.48795,5827.31784,5955.27534,109.33362,one
2329.1099,808.64243,5753.09014,5823.81232,5930.75993,109.5538,one
2252.04114,740.4335,5761.04144,5824.00667,5917.35727,109.76844,one
2184.83761,755.57216,5744.79241,5802.68321,5939.8276,109.80988,one
2532.59863,797.19456,5724.03849,5778.75233,5922.99074,108.63819,one
2956.60934,697.22551,5711.27682,5751.81044,5867.77288,109.29555,one
2953.34322,524.07898,5710.24502,5738.35202,5828.21694,109.81469,one
2906.72101,510.24745,5704.68992,5718.93338,5824.62929,110.05599,one
2930.1272,516.44187,5702.61254,5716.42577,5816.31865,110.43468,one
3486.43908,1208.98169,6029.41683,5800.68674,5214.4339,172.60559,one
3456.75481,1141.26195,6043.72069,5806.80804,5229.10963,172.6801,one
3439.01702,1140.49187,6065.16293,5821.61521,5246.11584,172.40514,one
3461.16547,1060.94482,6059.92084,5816.1023,5248.35095,172.33563,one
3491.43417,984.53562,5988.76862,5753.56612,5219.18265,171.40708,one
3487.43837,975.02681,5963.05523,5719.63749,5194.9295,170.90115,one
3482.34248,980.44436,5989.55938,5743.20444,5210.01995,171.1991,one
3495.12647,973.29011,5965.68692,5724.96567,5198.32689,170.92256,one
3484.56984,959.46154,5980.05008,5737.37615,5209.09694,171.04455,one
3478.22051,909.99758,5992.56146,5762.87633,5237.29974,171.49806,one
3070.54248,696.42333,668.03381,6682.17273,5806.16984,176.69122,two
3080.04431,707.8702,657.4002,6697.48152,5806.33135,177.12786,two
3101.20131,648.46793,494.64721,6691.55055,5800.47813,177.26756,two
3099.68433,668.35089,532.9385,6687.84695,5814.82088,176.96591,two
3100.6731,585.91806,491.43517,6665.31884,5796.15652,176.49989,two
3136.83106,484.92688,916.65549,6625.06188,5850.23317,175.12686,two
3106.67466,524.05971,677.75898,6638.16128,5850.39537,174.94116,two
3094.58509,564.34165,447.38252,6659.94082,5811.28782,175.46417,two
3139.91633,513.836,806.80581,6661.76275,5857.93533,175.17546,two
3133.23989,519.77292,776.86751,6662.71372,5858.82983,175.00581,two
3616.57244,1046.55066,812.75033,6497.41103,6127.63549,92.15998,two
3632.74519,997.49117,687.64264,6505.03332,6127.98949,91.9599,two
3655.1941,1004.18804,527.54145,6508.78023,6123.325,92.02123,two
3677.54713,976.22802,612.38814,6516.09593,6125.96087,92.35207,two
3676.25669,975.74316,766.02734,6514.20976,6129.0218,92.46906,two
3632.60665,1073.42119,751.59613,6473.85347,6109.44852,92.48283,two
3232.33821,1225.77656,7847.65923,6409.40044,6043.31847,91.88307,two
3322.56352,1279.84993,6932.78478,6444.98381,6079.40827,92.3452,two
3411.4924,1273.57974,6296.99041,6445.44571,6079.66326,92.34519,two
3441.8154,1277.31312,6251.5412,6453.92005,6088.85006,92.41632,two
2881.05906,900.24562,1663.5154,6518.45111,5859.2843,172.28212,two
2951.70704,866.86424,1685.01479,6487.92415,5829.55229,171.9566,two
2939.62421,879.89006,1711.04189,6485.96192,5826.80709,172.09734,two
2891.8851,898.57061,1727.80827,6525.55067,5873.77432,172.99983,two
2854.17293,857.61797,1671.52751,6549.56809,5884.22825,172.77327,two
2854.70932,818.83374,1708.09002,6543.62827,5878.82315,172.60575,two
2862.00273,793.59322,1744.96129,6552.98159,5884.66317,172.68557,two
2892.07581,775.00476,1750.35864,6558.60702,5887.40417,172.67375,two
2905.74568,771.853,1819.76891,6520.97572,5857.8397,172.5168,two
2914.68541,783.28571,1832.79943,6496.96256,5842.8014,172.29271,two
3519.54355,992.23018,1347.62079,6374.63435,6500.73607,166.5403,two
3522.06946,1005.49637,1409.00295,6355.15289,6476.92439,166.69155,two
3567.43847,1081.3861,1421.78583,6386.57939,6489.05009,167.24997,two
3572.31472,1045.95407,1435.07176,6379.82891,6485.21105,166.78139,two
3575.96457,1054.21586,1355.45841,6370.61221,6478.70436,166.8376,two
3560.57071,1014.01459,1420.74134,6237.78775,6347.75855,165.72029,two
3464.05038,938.02726,1280.19484,6238.26328,6340.57883,164.92653,two
3436.69445,891.61487,1073.07226,6253.69222,6331.29471,164.83313,two
3424.70387,891.43048,988.69092,6240.25587,6312.74405,164.34885,two
3390.31497,859.77931,937.74734,6242.08049,6310.98607,164.33237,two
3546.86285,987.65151,1194.76911,6170.80663,6275.7974,159.40954,two
3578.77187,1058.41634,2128.76373,6136.51658,6294.72359,159.23755,two
3639.14754,912.30148,959.23392,6195.21394,6298.91699,159.32393,two
3599.23853,1071.73486,426.63906,6148.98088,6328.97666,159.86349,two
3608.40752,1141.75593,799.20129,6174.829,6324.28311,160.4188,two
3484.72446,1131.74636,1046.21688,6193.61556,6326.01406,160.78652,two
3581.07901,1154.89655,1155.73475,6199.43433,6303.67313,160.47729,two
3618.83649,1122.42679,666.00711,6171.05828,6306.35904,160.10727,two
3650.26207,1043.98222,750.62671,6180.55109,6313.96242,160.00984,two
3682.73392,1114.01767,1273.26129,6190.12358,6288.08489,159.98714,two
3555.43566,1491.4122,544.26836,6617.40853,6350.68067,21.46629,two
3540.22133,1508.31936,509.95453,6648.9247,6358.71822,21.58533,two
3420.27511,1538.24863,378.99125,6620.98816,6319.9355,21.95312,two
3404.68355,1470.73555,391.50048,6645.01794,6314.13926,22.46062,two
3276.72296,1495.05091,353.12552,6670.06319,6339.42685,21.77322,two
3309.46493,1440.67078,333.3005,6653.21478,6334.49439,22.03086,two
3356.1924,1469.42501,385.77694,6690.5089,6336.18575,22.28449,two
3353.0264,1435.60823,418.8031,6666.98357,6309.7061,21.63778,two
3359.72727,1367.91963,450.56115,6550.40901,6332.16831,21.63058,two
3490.2486,1335.62977,447.73006,6565.33608,6302.90589,21.05601,two
3314.35642,1240.75698,619.96093,6635.07047,6313.03702,27.32724,two
3364.30768,1216.28514,514.9525,6599.13575,6265.75558,28.63279,two
3294.06827,1122.34815,499.60426,6567.58353,6290.50119,25.78121,two
3328.80407,1161.13359,519.36877,6565.77492,6295.56827,25.47263,two
3300.39188,1305.63411,533.84074,6503.56804,6267.38779,24.39683,two
3348.85304,1297.20114,534.15263,6509.18869,6279.20179,26.56114,two
3352.24785,1291.08946,547.9576,6509.63057,6276.06191,26.48948,two
3377.95762,1249.11635,570.34488,6538.65098,6271.37142,27.26138,two
3367.20545,1194.61649,520.17781,6526.29491,6269.54342,26.58697,two
3359.26628,1231.94773,533.18398,6509.49153,6276.09883,26.27531,two
2966.06475,1580.44242,914.97194,6774.50474,6282.21413,20.69943,two
2983.21959,1611.66146,896.43753,6760.74861,6264.34513,20.03068,two
3000.45223,1590.47333,908.1656,6787.61128,6264.57773,20.29243,two
2998.25403,1596.29227,921.69078,6773.37701,6248.88889,19.75482,two
2944.15185,1592.67195,776.45691,6814.72039,6309.64291,18.23774,two
3105.11132,1612.57859,722.25441,6749.19998,6290.02382,19.15687,two
3040.27683,1620.93079,710.20975,6787.21304,6304.50335,18.94017,two
3070.06102,1644.21386,700.18297,6779.62768,6295.57866,18.76314,two
3092.16057,1623.57467,688.15916,6786.70277,6296.41489,18.79859,two
3124.45473,1632.60514,704.10547,6774.11449,6286.16155,19.33623,two
3514.01033,908.81592,116.72763,6690.88079,6384.4865,94.46213,two
3661.74289,841.78571,89.97348,6733.77452,6431.97781,94.37017,two
3535.11291,873.5895,76.47631,6658.5277,6340.18851,95.27291,two
3493.61604,764.03906,25.24324,6761.37191,6420.87826,94.60639,two
3494.02976,728.9022,60.5036,6760.49777,6434.80319,94.92951,two
3538.35676,824.03378,131.42579,6688.64504,6322.48543,95.31032,two
3475.06485,733.61962,86.07678,6719.73334,6369.10122,94.88006,two
3469.05933,736.87401,94.55328,6712.39039,6371.82942,95.11872,two
3515.46607,741.89841,214.08782,6694.09967,6326.03505,94.68631,two
3622.42568,811.28565,190.64432,6651.6309,6308.36068,95.18143,two
3664.63165,976.03578,1149.19834,6356.78252,6047.08969,90.09454,two
3635.48576,943.61158,1183.05139,6358.26793,6048.66371,90.43603,two
3654.56594,966.08569,1173.37974,6344.99733,6041.59813,90.67153,two
3643.87024,929.35919,1137.0895,6354.87694,6061.515,90.58672,two
3665.95216,964.6068,1129.1548,6357.18584,6067.72683,90.04698,two
3688.88239,991.72333,1178.58807,6340.2962,6068.70553,90.46582,two
3684.30144,990.83397,1196.79911,6327.26725,6065.6258,90.71794,two
3665.10219,963.13885,1146.64423,6346.98859,6054.57492,91.20444,two
3675.19698,967.37881,1162.41881,6335.38358,6067.94212,91.83665,two
3698.24918,978.31524,1181.80189,6313.41975,6075.98534,91.90487,two
2827.59993,1201.28606,1849.41015,6245.41135,5824.4085,169.57992,two
2875.14443,1345.44861,1887.13458,6324.25755,5902.72946,171.13368,two
2812.12685,1223.08223,1809.6175,6355.82082,5920.16306,170.66346,two
2829.444,1262.3649,1810.63845,6312.78465,5858.6398,169.20236,two
2927.42361,1300.12166,1916.37057,6320.14316,5864.09878,169.97636,two
2928.40681,1354.52039,1867.45204,6312.64692,5863.48706,169.95512,two
2915.32342,1300.64754,1899.16869,6293.45492,5831.90293,169.33449,two
2918.58643,1290.02699,1842.46628,6319.83888,5829.66464,169.24818,two
2993.5065,1165.11801,1920.37595,6266.30642,5772.6448,168.46261,two
3085.17681,1195.56352,1826.83783,6278.86815,5800.7969,168.87282,two
3269.34165,1309.21625,1374.6956,6503.29656,6378.85813,177.6725,two
3222.99869,1378.00396,1382.28308,6481.31257,6311.53742,179.29335,two
3201.75613,1392.53817,1453.45528,6497.86395,6364.7507,179.17385,two
3204.88893,1354.27908,1438.7825,6486.69126,6333.74807,178.93578,two
3254.57142,1483.79839,1391.75734,6469.1256,6302.01652,178.55815,two
3197.47187,1388.06087,1468.64065,6520.39531,6334.85792,178.75243,two
3220.85271,1389.09449,1446.55985,6525.74504,6340.26249,178.89218,two
3222.08999,1338.86937,1389.50789,6537.3342,6356.21317,178.83635,two
3254.76331,1271.26109,1282.3429,6518.01675,6338.33887,177.73636,two
3235.77975,1308.47167,1363.40433,6491.70462,6352.45241,179.22721,two
4011.77423,278.39285,596.9466,5973.67345,6103.27995,100.63957,two
4025.35011,404.31834,621.79042,6028.4522,6103.98677,100.94638,two
4025.4414,375.51157,658.78938,6034.99903,6080.2928,101.54397,two
4017.84038,383.37893,678.43781,6042.05872,6087.25377,101.61128,two
3951.74888,383.67304,758.01074,6036.75085,6086.83059,101.72469,two
4002.63616,317.65057,786.87525,6017.60092,6074.33252,103.14401,two
3977.39625,290.85705,820.82582,6019.34654,6080.18926,103.12173,two
3981.35674,300.70072,795.06835,6025.78389,6074.2355,102.94469,two
4362.96272,340.92478,832.74841,6065.42189,6072.08649,102.8883,two
4338.27627,315.45208,844.46524,6063.92103,6064.35541,103.52744,two
3007.81473,901.40172,2843.78559,5950.51139,6355.74443,16.62243,two
2890.93288,1519.03755,2557.75789,6235.23136,6264.66863,16.55849,two
3016.0319,1218.63218,2524.26969,5952.81571,6373.73969,17.33727,two
2972.41882,872.84283,2642.13299,5861.8377,6315.65081,17.52752,two
2966.72356,792.65552,1206.48879,5848.18754,6207.23218,16.7699,two
2895.8407,1269.21229,2127.07467,5965.23688,6264.19404,15.95849,two
2918.68222,1527.23509,2293.18192,6268.4904,6069.91576,16.35568,two
3013.92095,1311.39476,2079.92932,6419.86295,6092.26105,17.26135,two
2979.8697,1558.71115,2160.49972,6259.56657,6015.99207,16.89835,two
3031.51851,1358.5424,1858.93122,6056.55404,6146.82584,16.40495,two
1626.37787,797.8308,3301.11133,6732.88287,6502.29834,19.1003,two
2225.94119,1573.34148,2533.12769,6771.1217,6497.25598,19.43181,two
2279.45753,1542.45335,2070.4693,6763.57106,6490.51566,19.20174,two
1846.77114,1210.98117,2046.08785,6758.42242,6520.76406,19.22402,two
1846.62593,1003.44688,2524.07948,6747.61984,6514.97895,18.99119,two
1863.78739,1050.21981,2421.97615,6748.14048,6515.82282,18.79692,two
1808.62819,1038.00679,2499.56557,6739.42694,6505.5031,19.10066,two
1831.59658,1004.20375,2470.88226,6738.80812,6499.44963,18.90854,two
1842.77617,989.04703,2403.50886,6731.3835,6497.7669,18.91442,two
1815.36295,986.4879,2503.36812,6727.77771,6497.92137,18.98587,two
3311.31328,1689.95774,2255.34796,6119.0826,5770.8099,177.01364,two
3462.2497,1603.60735,2182.2199,6080.01965,5748.85603,175.75619,two
3504.36507,1606.3576,2194.25921,6076.97817,5754.78015,175.78165,two
3449.43311,1566.78817,2268.8739,6066.68241,5729.92295,175.40935,two
3373.77301,1701.84121,2576.2453,6025.5073,5667.25388,174.50035,two
3370.95824,1623.31503,2463.83275,6038.82332,5692.21482,173.76967,two
3375.06572,1614.76204,2452.75446,6076.88853,5741.90998,174.16279,two
3345.74889,1553.44928,2490.59124,6052.72335,5685.40215,173.89899,two
3435.32846,1535.49702,2376.53433,6049.88747,5700.87209,172.98382,two
3425.60728,1540.73041,2404.56258,6070.3325,5708.60048,173.50273,two
2842.48159,1636.63728,2715.14371,6208.32754,5823.51418,168.14073,two
2886.92527,1639.55066,2545.49443,6214.16526,5813.62148,168.03213,two
2870.62814,1660.07885,2484.93131,6191.52958,5799.80946,167.21042,two
2915.23651,1615.88957,2425.16065,6183.95579,5790.4428,166.9407,two
2927.76975,1605.00551,2504.00408,6179.91898,5787.7479,166.31588,two
2735.27166,1622.23428,2666.86361,6179.99295,5778.73534,166.43416,two
2741.28686,1631.39599,2743.42539,6184.03171,5799.48867,166.35154,two
2856.95957,1586.0573,2629.73553,6168.28052,5771.11469,165.5813,two
2851.82441,1609.92356,2604.1318,6165.71283,5776.82627,165.38518,two
2905.8348,1547.82484,2473.23328,6160.89225,5765.82861,164.38144,two
3317.68041,1276.13285,1044.91627,6660.93332,6242.05603,151.8636,two
4318.80309,1529.47997,2538.04384,6300.32828,6127.73236,95.67758,two
3843.01661,575.93588,1138.25128,5826.33257,6012.07487,70.6413,two
3366.72783,1106.04257,997.30134,6242.06519,6242.92486,53.6689,two
3145.75543,1425.47472,1629.67922,6272.61379,6298.03538,43.75138,two
3112.53821,1319.06215,1400.78778,6222.11717,6281.88785,46.0821,two
3118.03533,1244.50329,1324.17591,6161.64151,6290.40325,46.36681,two
3185.98459,1146.49319,1303.19569,6195.83042,6292.9698,47.52408,two
2853.3762,1025.62802,1301.98574,6263.11429,6222.45909,49.76304,two
3035.59501,1205.16972,1129.29189,6389.29445,6336.34991,45.0841,two
3568.11906,764.40618,963.30564,6458.14821,6172.60375,44.73073,two
3667.78946,828.40037,924.85529,6376.30168,6192.59751,45.25905,two
3661.74403,752.89689,831.84276,6356.01962,6178.64916,45.43171,two
3745.97488,699.07274,740.35848,6407.07435,6170.8598,45.64997,two
3693.40657,573.93959,1013.79337,6511.37854,6153.61636,44.51809,two
3718.47992,632.64405,1088.42149,6508.37971,6160.17665,44.78617,two
3760.23879,687.06376,1171.58553,6537.07442,6174.57867,44.92989,two
3700.6259,746.19109,1211.82891,6559.6526,6172.1365,44.41726,two
3621.52355,779.61101,1187.50859,6574.57055,6186.82529,43.93751,two
3600.86488,804.71597,1150.20894,6581.82566,6183.14548,43.27605,two
3256.91884,856.94957,925.39741,6627.89835,6602.02991,33.68097,two
3248.86466,871.06853,926.35292,6591.89803,6612.16216,33.68232,two
3244.09417,896.53688,1042.13031,6580.22279,6602.53575,33.30118,two
3232.73593,876.49197,1095.35225,6582.75846,6589.63346,33.14479,two
3217.78308,938.89999,1354.74407,6586.40958,6599.52398,32.83958,two
3181.0566,971.59428,1573.36396,6596.44864,6583.44636,32.53519,two
3190.32034,935.99701,1177.4736,6595.86693,6572.24081,32.71404,two
3204.97831,918.33223,1177.37184,6609.76744,6571.15726,32.71549,two
3132.6502,1032.75522,1929.06722,6565.07873,6566.79304,32.30198,two
3049.40493,1068.54361,2363.89663,6556.088,6558.25654,31.72038,two
3722.48236,7016.57323,1497.38829,803.54377,983.76915,169.81574,three
3035.95081,6986.74819,1907.70283,1301.30079,848.89263,170.61287,three
3172.43012,6987.27895,1852.40657,1103.20501,851.92489,170.36136,three
3184.90932,6971.86248,1847.35534,1137.42848,823.86791,170.608,three
3218.00265,6955.36288,1858.8832,1253.72581,855.85746,170.1062,three
3198.91709,6971.61588,1908.77736,1297.03635,831.52975,170.40517,three
3335.51013,6946.82955,1882.14298,1368.60849,765.07555,170.08984,three
3326.06717,6912.5996,1867.60409,1157.81465,732.35912,170.56128,three
3278.70803,6907.02125,1814.26121,1006.88905,726.8883,170.8359,three
3258.04286,6929.61679,1883.75309,954.56926,733.78278,170.81907,three
2617.67701,7011.11663,5369.79489,4376.87465,3409.29714,160.09687,three
2580.25086,7009.08581,5233.85041,4220.55358,3250.53896,160.45882,three
2439.49352,7032.62483,5418.53397,4342.80097,3176.95069,160.4756,three
2396.49415,7084.25334,5321.75783,4236.06719,3081.42528,160.61896,three
2432.62248,7081.3784,5342.78017,4264.34807,3125.5064,160.51282,three
2416.74042,7079.28455,5379.00171,4274.36953,3143.00349,160.60769,three
2409.4074,7082.31912,5380.61201,4270.24427,3154.66938,160.73632,three
2421.12554,7079.72401,5422.46581,4293.65314,3157.99306,160.70666,three
2424.61063,7080.30466,5439.05218,4282.40935,3137.59207,160.79187,three
2429.4294,7071.37384,5469.11441,4319.07831,3107.88875,160.76428,three
2104.66756,6914.643,5117.19893,3386.57789,2658.66618,157.22886,three
2103.6391,6910.74708,5109.54791,3445.54638,2724.26698,157.26818,three
2121.43334,6904.32518,5072.2089,3351.00082,2599.02329,157.26031,three
2106.02954,6905.54323,5036.00657,3410.56255,2670.91392,157.00024,three
2095.44977,6905.31533,5037.43918,3411.42217,2651.93112,157.17784,three
2091.14695,6905.01288,5029.16728,3398.53961,2647.30483,157.1211,three
2076.80843,6898.80953,5138.95313,3534.13564,2755.93864,157.46005,three
2071.51656,6897.98438,5116.85366,3462.86864,2677.3105,157.88251,three
2082.76979,6895.48888,5091.1609,3374.76646,2585.5213,158.25927,three
2051.57504,6909.87263,5120.09924,3520.60947,2739.50244,157.89343,three
2900.87069,7399.72701,4558.19155,4037.69513,2791.63844,80.10464,three
2932.16359,7415.40756,4635.08976,4139.8274,2886.05515,80.77283,three
3006.70457,7427.52957,4663.52887,4189.98531,2880.15206,81.24668,three
2937.74653,7440.97169,4604.40169,4098.90329,2832.66152,81.33421,three
3034.96279,7439.32887,4642.55874,4137.57214,2979.18216,82.05629,three
3221.61239,7414.24432,4589.37854,4167.16361,2831.50381,82.14708,three
3154.11737,7417.5023,4647.12551,4118.62193,2891.37797,82.29166,three
3100.12466,7426.9136,4676.86322,4126.74842,2953.95844,82.24486,three
3107.63393,7432.37029,4670.28163,4081.79723,2881.48501,82.25065,three
3074.59504,7429.35203,4666.44152,4132.32974,2872.59512,82.4021,three
2533.05848,7011.99909,5462.42901,3781.09119,3224.11557,73.08928,three
2547.13581,6902.31205,5529.126,3723.85019,3180.0161,72.87487,three
2545.34627,6910.89745,5507.44264,3684.62326,3119.80984,72.69374,three
2530.63221,6936.3362,5649.30975,3700.43523,3133.58757,72.78844,three
2530.08128,6946.18686,5677.98355,3728.52716,3132.62458,72.86048,three
2494.00153,6965.58107,5736.86731,3760.98814,3137.74561,73.23965,three
2460.55132,6964.13433,5686.40817,3776.42931,3169.07761,73.63296,three
2460.58411,6992.3533,5715.43736,3817.10183,3201.09366,73.75826,three
2461.16418,6978.88977,5680.72188,3806.76613,3187.67281,74.06651,three
2455.02754,7025.99355,5728.60862,3840.39787,3220.04743,74.23038,three
3061.10527,6796.99736,745.6698,1655.53089,895.50706,67.94658,three
2974.72751,6689.08218,759.51397,1761.78097,926.33158,67.66996,three
2940.00167,6665.28447,843.82448,1660.98621,994.03333,67.74812,three
2778.77022,6379.26237,882.96846,1665.33086,988.85376,67.89041,three
2027.31647,6642.30102,1038.03711,1540.19175,1125.88329,68.174,three
1021.40858,6594.62675,904.56925,1494.87944,847.50629,68.98018,three
1226.87139,6643.98045,1076.91332,1417.20732,789.64324,68.72889,three
1316.69904,6713.09707,1423.46458,1432.03202,750.98023,69.21277,three
1206.57397,6708.37082,1636.01658,1225.00047,759.13801,68.84937,three
2100.42754,6741.95288,1795.33825,1440.57967,1185.03529,68.8716,three
3503.42326,6917.5923,750.12654,805.12856,1614.09764,164.75722,three
3508.74437,6898.8391,881.04589,726.91257,1596.1669,164.97709,three
3470.20249,6884.66718,889.31245,689.76072,1574.83658,165.09347,three
3479.26375,6942.3612,695.76579,911.00435,1632.48853,164.38701,three
3445.50115,7048.41082,652.5796,1005.935,1620.18126,165.66219,three
3280.70854,6972.42087,744.69801,926.66537,1582.90317,166.43116,three
3349.95168,6965.20973,825.28596,851.55949,1482.77122,166.5706,three
3297.80012,6946.2878,806.64649,843.37862,1512.55434,166.30236,three
3323.51631,6959.48502,820.28195,872.13269,1547.02878,166.2286,three
3331.70813,6954.60132,827.05595,886.86063,1547.88442,166.23709,three
2270.45885,7418.35233,2414.30332,490.78123,624.31836,170.24505,three
2233.83988,7410.67403,2280.10042,622.90482,655.042,170.8236,three
2218.22182,7411.54146,2242.50503,624.8413,664.39574,170.98603,three
2233.15237,7435.77659,2392.03814,546.15903,639.42119,170.80759,three
2256.94577,7434.68481,2423.63517,549.04676,614.47986,170.51468,three
2278.47469,7440.93202,2291.36753,669.80624,632.50764,170.87172,three
2239.66718,7425.32798,2325.04798,635.03899,609.69254,170.78749,three
2260.71019,7464.10884,2392.28102,575.9871,615.70361,170.46772,three
2255.91014,7460.11173,2382.79851,585.29499,600.49251,170.44155,three
2242.04624,7460.36907,2368.46912,619.4436,602.41702,170.52306,three
1557.83724,7003.49755,1340.96305,202.75039,1172.66559,169.00336,three
1630.17954,7085.54723,1468.29336,229.23353,1145.38463,168.5335,three
1664.08101,7087.96977,1478.19531,235.88852,1130.09434,168.82394,three
1671.65406,7086.03439,1453.30993,245.14855,1106.73287,168.91964,three
1650.06296,7095.94713,1479.28727,231.00078,1103.22828,168.60758,three
1661.41396,7091.28445,1465.4425,223.92635,1114.18933,168.91642,three
1630.57341,7029.01008,1534.66071,232.26203,1131.26236,168.60692,three
1650.50171,7029.16525,1555.89979,250.91347,1114.19895,168.54921,three
1644.66162,7018.7605,1560.05787,238.67354,1136.80887,168.64165,three
1704.96291,6981.56632,1636.02671,311.87208,1109.49062,168.73564,three
2927.61189,7124.8703,1634.47927,844.29436,447.89513,75.52958,three
2952.25317,7087.92355,1579.1812,801.85577,448.17602,75.65559,three
2950.73071,7104.69522,1560.60658,878.17461,510.62953,76.08095,three
3004.79277,7070.67312,1591.26862,1020.1951,582.97001,76.57989,three
2913.2918,7077.403,1602.93247,962.74409,476.6252,76.30109,three
2870.83226,7086.47593,1628.41862,969.88504,476.03822,76.23382,three
2843.98582,7091.09676,1635.45686,1124.43113,638.65412,76.48201,three
2785.15076,7106.50706,1571.42994,1132.31762,768.94211,77.43719,three
2835.61676,7129.6544,1614.75078,1145.57764,772.70169,76.86542,three
2845.54828,7128.34879,1642.24492,1091.5992,613.42317,76.36295,three
4100.64652,7035.76727,1572.10745,495.31316,785.06653,161.82407,three
4073.98674,7053.21972,1545.5383,507.18717,793.58901,161.6564,three
4103.36615,7046.646,1640.96168,544.15675,807.67431,161.4505,three
4092.33656,7016.78859,1664.76554,545.79686,789.4693,161.66203,three
4095.71613,7065.57067,1752.15709,588.17919,760.71672,161.89834,three
4083.26007,7028.36485,1762.64407,668.1317,800.75283,161.92749,three
4052.28917,6919.80169,1635.41756,641.31203,820.2868,162.18038,three
4034.26907,6888.05894,1598.71546,628.92003,816.36788,161.88692,three
4066.13104,6966.49121,1788.21654,578.71872,786.91791,161.85507,three
4031.16124,6999.61736,1654.60089,583.87953,765.76013,162.07516,three
1921.11138,7121.75982,4629.2047,3910.47669,3616.52726,92.18922,three
1798.97507,7117.49165,4612.76117,3838.08131,3516.21624,92.74667,three
1816.26334,7146.24306,4530.28931,3757.12026,3475.05649,92.98587,three
1762.36998,7091.2508,4590.08055,3838.49763,3524.55244,93.77051,three
1824.00709,7156.7888,4336.0891,3761.07544,3454.3831,93.58734,three
1849.81928,7164.3613,4403.24508,3767.28208,3457.6423,94.2047,three
1769.51606,7143.09487,4353.41856,3806.15118,3514.82483,94.95367,three
1720.80046,6996.87652,4699.19261,3977.53264,3671.59942,94.96229,three
1694.88819,7055.66954,4716.86261,3963.57305,3613.09361,95.21766,three
1591.44902,7047.06908,4744.83234,3991.48178,3638.17811,95.26373,three
2416.82855,7021.83534,6104.06437,4107.91375,3424.19599,87.86754,three
2474.03936,6955.36371,6069.96891,4083.8902,3432.58906,87.65997,three
2492.25968,7062.14194,6250.50433,4036.71328,3428.08424,87.83026,three
2468.79797,6996.87124,6183.50345,4012.3059,3376.03344,88.05157,three
2370.51717,6901.46788,5988.1606,4068.29064,3450.10934,88.46372,three
2358.24024,6954.28988,6012.93816,4038.37847,3448.04922,88.43564,three
2366.56376,6935.5724,6020.73991,4036.03099,3469.49803,88.33361,three
2161.5684,6951.54386,6078.63132,3978.7609,3423.50482,88.80301,three
2175.97813,7034.73362,6193.40679,3935.98355,3391.09063,89.4763,three
2186.98533,7022.5474,6145.65023,3985.07838,3447.92919,89.32963,three
1397.15772,6362.67104,1107.05263,744.29833,1359.6685,81.289,three
1411.65037,6322.33756,1193.50687,726.29199,1366.56819,81.33193,three
1424.3361,6284.29331,1281.76502,710.0593,1375.84977,81.38931,three
1457.57193,6282.50032,1284.18563,721.1249,1386.96601,81.49479,three
1451.46771,6314.98441,1426.33218,719.60312,1388.16655,81.98227,three
1625.69275,5608.65499,1506.45413,742.10028,1438.89987,83.59937,three
1550.4906,6169.39964,1616.19095,721.64963,1289.43734,83.84203,three
1674.27637,6195.60827,1801.20257,725.27811,1239.09902,83.94808,three
1619.55156,6056.23084,1914.94888,742.60824,1283.87457,83.8374,three
1623.46023,6020.15331,1858.57428,713.31259,1301.45011,84.38288,three
2403.98988,7058.35982,165.17739,1192.58592,1579.86305,156.60762,three
2590.62308,7127.29074,83.75952,1360.06113,1623.2369,158.45509,three
2686.0746,7049.47016,148.87396,995.86368,1463.78017,157.31801,three
2739.91382,7066.07092,154.75661,1043.46902,1479.42842,157.36861,three
2743.11283,7020.98231,192.85932,1062.94527,1485.94657,156.75627,three
2613.9353,7053.26001,117.34289,1136.08338,1554.45526,157.34328,three
2802.71999,7040.4322,160.65961,1059.23538,1474.62548,157.31721,three
2720.24891,7002.18833,63.92493,1212.47992,1598.85648,157.52471,three
2794.41251,7019.25426,55.80545,1218.19289,1587.85753,157.68019,three
2736.53534,6995.5917,37.02566,1356.73949,1632.61974,157.54005,three
2405.03692,6622.18687,2392.70254,183.38661,755.93711,152.40063,three
2374.21533,6624.81549,2460.65355,196.61983,747.30745,152.34833,three
2383.75335,6663.64563,2557.50614,209.12162,785.72472,152.09752,three
2314.16331,6668.82788,2528.21634,266.70503,796.15357,151.69252,three
2281.22589,6643.3717,2473.02014,509.41299,765.81566,151.71484,three
2335.3077,6646.64818,2531.13318,359.7921,825.39053,151.93108,three
2340.48556,6613.95447,2517.2264,406.32783,753.758,151.56911,three
2355.45516,6588.37372,2540.71366,272.35072,826.6525,151.74294,three
2395.99856,6585.51648,2482.80724,199.42087,874.41938,151.96161,three
2360.48629,6544.10519,2430.12399,228.23834,775.20877,152.12104,three
2752.35987,6519.97444,4905.96596,3904.93936,3454.88124,152.59159,three
2744.05832,6512.11878,4992.99987,4093.85829,3385.72162,152.82648,three
2899.64561,6521.91884,5086.20732,4014.46859,3594.44406,152.35723,three
2935.1699,6513.4765,5131.9991,4090.80234,3547.5131,152.24672,three
2753.42882,6577.62584,4953.65775,3956.97916,3411.49762,152.3957,three
2803.49699,6538.40892,4916.5935,3848.56211,3385.65868,152.54103,three
2737.03273,6506.34663,4994.68904,4013.05057,3314.57641,152.85795,three
2719.00923,6508.98961,4978.48531,3991.63697,3372.52331,152.83451,three
2672.34192,6475.20996,5159.36653,3889.72453,2974.5862,153.72007,three
2650.3534,6523.17051,4917.92035,2981.21781,2522.18693,154.66362,three
3420.37264,6845.60681,5290.05498,4630.79245,3826.25421,94.43972,three
3546.40694,6805.22029,5235.47678,4571.4481,3754.56458,94.88063,three
3512.08362,6828.60235,5209.53337,4547.81829,3770.0225,94.58281,three
3445.03795,6828.34807,5223.07608,4587.83121,3851.21694,95.21365,three
3379.07806,6854.31966,5283.82946,4597.47137,3862.35495,95.68675,three
3294.79191,6877.44634,5270.06912,4575.62249,3809.32002,95.67062,three
3345.66267,6876.82302,5272.80016,4552.97851,3817.02702,96.22998,three
3445.01077,6878.651,5276.14097,4535.05115,3816.24293,96.44558,three
3647.60398,6813.8598,5259.90284,4490.17137,3783.50312,96.80322,three
3661.79735,6829.15995,5245.0476,4464.76311,3745.26493,96.7432,three
2047.6933,6377.7969,2653.25812,1645.57476,1315.94714,89.22075,three
2052.55392,6382.75683,2682.59456,1694.55663,1352.76691,89.11646,three
2112.85189,6467.62273,2736.55542,1733.55929,1394.50298,88.92621,three
2130.58708,6438.93958,2731.69754,1780.206,1465.86851,88.97206,three
2055.42145,6377.3622,2685.91119,1749.1023,1444.59735,88.92679,three
2082.68949,6443.64768,2701.05492,1731.09647,1429.74324,88.90501,three
2076.42592,6481.26466,2701.35893,1723.02317,1424.04018,88.85802,three
2044.43152,6495.1887,2712.47152,1718.78923,1412.31084,89.1159,three
2068.6428,6490.2494,2730.58541,1731.95188,1420.77396,89.23049,three
2088.23565,6514.05787,2726.25191,1700.34975,1378.99303,89.23164,three
3236.63752,6302.38864,3446.81975,2215.79226,1506.05788,153.639,three
3193.26282,6355.11287,3413.01295,2166.63575,1464.57806,153.79348,three
3209.14586,6295.48763,3388.86131,2159.74741,1472.60519,153.80646,three
3272.86796,6311.07765,3332.17069,2047.68127,1339.10306,153.72248,three
3243.12098,6335.70171,3383.41254,2133.25522,1437.21812,153.69518,three
3240.58819,6308.29172,3411.28716,2166.8725,1471.94484,153.77612,three
3224.04482,6333.40826,3350.09361,2102.59835,1424.29271,154.08721,three
3229.44474,6318.96585,3362.4945,2125.35009,1450.86188,154.30576,three
3202.57727,6354.96414,3378.98155,2131.50617,1456.61899,154.42771,three
3211.65506,6418.86593,3338.37824,2050.33069,1365.2145,154.32677,three
2609.05418,1904.21247,1078.53625,405.01325,1372.66886,176.42631,four
2420.5411,1860.90269,1260.06178,474.44671,1444.7629,175.60507,four
2381.386,1865.54717,1127.70446,434.6061,1439.84135,175.34512,four
2425.88695,1858.80221,1160.14018,424.38625,1426.76633,175.52959,four
2489.77165,1765.38895,1215.34363,459.53096,1417.24887,176.15371,four
2500.52752,1796.77168,1171.99521,416.80571,1419.01746,176.07868,four
2503.44892,1805.22383,1116.62179,396.58727,1418.00813,176.13132,four
2498.75508,1820.32132,1097.97897,384.87381,1425.02533,176.01154,four
2501.94934,1783.0442,1051.51054,373.38258,1443.74099,175.72644,four
2512.58338,1808.47288,1147.4499,358.19569,1418.21968,175.78044,four
3017.70957,324.73916,589.96596,833.95628,1326.88359,111.14802,four
3007.28113,346.54281,586.30599,842.30269,1338.82059,111.10198,four
2996.12813,465.35371,566.95654,839.79509,1353.84328,110.68794,four
2983.75196,445.2864,584.63492,855.16546,1371.37661,110.6672,four
2982.57051,465.53196,572.17846,864.9065,1382.44335,110.58999,four
2974.82325,502.76497,551.52658,835.68209,1338.56381,110.07874,four
2972.91258,535.05719,524.02678,801.21741,1299.21749,110.45072,four
3006.87892,450.31997,553.29734,822.13507,1337.28367,111.21687,four
3001.10756,453.2204,560.66492,843.12633,1350.4383,110.89716,four
2979.90667,532.96274,525.01684,814.56165,1325.20539,111.0327,four
1351.0025,1267.03717,456.99359,797.41476,1888.14027,163.54939,four
1596.74278,2121.60272,322.05535,723.79079,1875.74189,164.1026,four
1574.52575,1529.03275,258.22926,796.39437,1893.8254,165.16367,four
1950.62632,1800.75956,246.43323,784.84722,1872.6983,165.33645,four
2202.49161,1805.37673,242.91354,796.95785,1872.75497,165.94913,four
2406.92686,1301.48455,318.56323,846.93658,1882.45947,167.03706,four
2627.61628,1100.6975,280.17299,869.25765,1899.32137,166.61845,four
2486.0162,1331.8083,280.38789,843.68269,1863.12559,166.75522,four
2117.89066,1165.02652,253.46601,785.42804,1849.47847,166.26893,four
1327.60541,1429.80805,337.2646,732.20838,1804.14617,165.59337,four
3231.53034,1355.3586,196.18253,434.22819,1323.03325,159.65932,four
3233.35688,1458.1894,197.18238,449.56672,1325.79648,159.82128,four
3246.33964,1470.30064,198.17524,466.07945,1348.37571,160.44782,four
3259.13355,1413.63598,185.97728,493.57857,1401.07533,161.6619,four
3263.5999,1475.8759,191.05685,501.12488,1392.36672,161.65653,four
3275.99269,1325.04421,237.70618,442.21035,1353.10807,163.34432,four
3270.76295,1280.09811,215.67704,491.59301,1413.87485,164.35245,four
3282.40611,1313.19171,189.82274,511.06056,1422.12407,163.98026,four
3245.84319,1328.88,164.30401,493.4457,1382.75591,164.28448,four
3229.35397,1357.82951,156.97857,528.69205,1400.12957,163.89838,four
3077.1109,856.67654,129.79289,698.46961,1371.08976,174.48769,four
3079.13704,897.11198,181.24659,759.94663,1385.46798,174.68272,four
3111.36389,913.69521,269.346,811.71569,1408.82509,174.46105,four
3095.63324,918.28354,274.79998,810.8451,1391.25084,174.83256,four
3113.52682,987.04293,284.65864,750.21358,1375.18552,174.7973,four
3085.04509,988.8619,281.08411,682.04517,1349.5807,175.10731,four
3094.07728,995.63087,296.11599,716.59069,1362.92307,175.09783,four
3130.14436,1017.91009,360.8462,773.15444,1402.23693,174.85989,four
3093.82861,1006.75935,367.80826,777.62092,1372.16185,175.29593,four
3070.45847,1018.99463,360.66224,765.77513,1358.14789,175.57136,four
1708.68747,3952.1106,2423.47736,1095.43079,1619.7878,162.75188,four
1857.24248,3773.58299,2309.17707,1000.36524,1568.99562,163.30496,four
1832.29385,3769.79758,2246.82239,987.06443,1560.49093,163.76973,four
1741.4847,3945.67608,2430.52716,1150.00041,1612.63626,163.28615,four
1799.61945,3968.27356,2524.15772,1262.60923,1430.48909,163.32902,four
1716.60309,3935.20596,2381.86143,1126.53072,1650.52346,163.18352,four
1988.29269,3538.74629,2100.10215,951.54705,1415.91475,165.18453,four
2007.84768,3551.24528,2119.98352,970.37918,1390.59366,165.19224,four
2027.01925,3534.60686,2100.35658,964.97928,1251.74033,165.38886,four
1963.52117,3573.54537,2098.01339,964.22354,1275.17052,165.10264,four
2906.9295,1883.81575,1298.05819,768.8534,979.7633,100.9014,four
2904.70902,1840.88774,1267.50248,756.42057,979.50519,101.03859,four
2928.09529,1825.31741,1272.27427,767.66577,978.47475,101.07414,four
2909.05782,1869.61798,1336.1693,822.74051,963.85658,100.96448,four
2950.30197,1894.51915,1331.32191,808.47046,953.75047,100.95098,four
2947.50388,1877.26535,1348.7062,823.83038,970.10921,101.17518,four
2950.38598,1903.5077,1325.21972,817.12595,1002.07293,100.98775,four
2928.60898,1914.18115,1327.99852,827.47778,1011.22139,100.81796,four
2787.65178,1822.17663,1238.81447,808.71675,987.80115,100.95042,four
2727.60674,2023.82168,1266.61885,842.94054,1033.41099,101.59832,four
2787.02029,2115.74477,1590.97372,1053.10007,1121.7439,103.05467,four
2811.51767,2064.89774,1497.77645,987.00672,1112.81435,102.90118,four
2820.95092,2014.7325,1444.02298,947.19625,1139.73116,102.77658,four
2812.12379,2046.23867,1535.72007,1020.94223,1124.82191,103.31657,four
2855.48315,2103.0002,1425.65684,920.42999,1102.39606,102.46895,four
2621.0185,2009.60171,1294.52721,930.31301,1125.46455,102.50057,four
2840.37043,2059.22673,1460.18392,951.77427,1123.63055,102.2044,four
2776.58623,2031.01101,1551.05856,1062.90245,1201.32167,102.40082,four
2820.89728,2016.11639,1597.86624,1076.95149,1145.86266,102.54643,four
2822.54873,2014.00205,1610.8077,1119.3989,1190.26019,102.79427,four
2618.99248,944.87463,1004.34695,2039.2823,2344.22757,171.23398,four
2674.38383,869.91015,988.64224,1935.77041,2407.15689,171.21245,four
2914.69794,886.45754,525.1288,1471.51443,2289.39009,173.50152,four
2899.37643,887.46171,604.10463,1546.0426,2237.00016,173.55244,four
2864.37676,905.12014,611.82063,1636.18561,2222.22733,173.51348,four
2641.41797,862.79723,1022.1742,1928.23222,2339.69415,172.05458,four
2957.13872,936.81367,511.23831,1539.2786,2233.3532,173.71432,four
2738.93807,860.04149,672.84291,1523.52719,2162.20166,173.65767,four
2834.61907,894.74353,522.29397,1443.30434,2093.2243,173.95567,four
2777.53754,900.85678,687.64676,1560.7174,2145.49247,174.00452,four
2670.85501,860.89187,480.71416,1850.77314,2024.00525,177.90557,four
2680.45097,849.90016,471.62495,1814.9132,2013.45953,177.85972,four
2702.86349,841.4786,551.07266,1806.37021,2014.25433,177.7531,four
2693.69451,885.14263,556.10657,1912.91874,2115.63707,178.46711,four
2675.79874,860.7185,432.29479,1820.08855,2041.46461,178.60296,four
2679.73699,884.35311,444.48584,1768.67993,2020.40987,178.82147,four
2704.20574,825.13117,554.7112,1803.52696,2055.68726,177.39128,four
2728.6481,705.98508,371.37885,1667.60246,1958.91061,177.74884,four
2723.27001,751.24706,508.05994,1873.22418,2152.43498,176.58424,four
2735.57932,726.41057,372.80564,1720.78627,2016.81649,177.26204,four
2973.13474,634.23592,1043.16726,1923.05816,3161.71463,176.63495,four
2698.61966,706.45946,973.78566,2247.28622,2295.07191,177.65332,four
2688.28773,617.3098,897.64614,2184.23729,2482.93894,177.74293,four
2735.99434,656.68706,941.99164,2199.82724,2311.65812,177.14433,four
2825.68666,612.41039,831.2235,2241.09815,2301.78105,176.45332,four
2863.56907,653.9488,905.3189,2120.73726,2083.68326,175.84103,four
2925.0507,665.06003,898.38776,2161.6464,2134.27629,175.80651,four
2833.9114,602.64705,808.58241,2157.77106,2097.89957,175.08243,four
2854.86718,597.51699,855.4727,2182.61593,2062.31047,174.88638,four
2847.8404,609.66234,892.86826,2225.7562,2086.58968,174.84235,four
968.62151,1757.91177,722.07166,908.9981,1451.69897,172.20894,four
917.354,2236.13189,1043.22595,782.87839,1336.75785,169.91412,four
203.68116,2201.23571,1038.25443,878.08622,1597.37772,171.69224,four
663.878,1757.67182,901.11323,854.94194,1586.71901,172.23984,four
712.98153,2095.95444,1129.43392,892.51136,1604.95885,171.27947,four
1040.08963,2171.73494,1250.78114,1006.63815,1601.734,170.92602,four
1025.62438,2063.23316,1170.27394,982.71826,1552.26233,170.94429,four
608.44003,2078.03962,1040.62151,907.82177,1554.65882,170.92268,four
678.99411,1791.48465,843.0854,884.50951,1564.65174,171.51136,four
1080.18581,1578.14322,789.83089,894.205,1551.12995,171.98676,four
1901.86292,2148.48003,1435.01101,1073.46529,1803.66128,172.50237,four
1856.43747,2082.80048,1732.50125,1216.79717,1923.7445,172.53852,four
1798.50361,2137.83569,1672.90432,1319.17216,2029.26148,172.50737,four
1693.71622,2020.77243,1755.60218,1189.25882,1892.66079,173.68108,four
1527.48476,2009.09602,2148.94387,1323.34002,1949.28,171.93097,four
1406.25981,2091.20152,2161.43861,1308.92896,1906.57836,171.75804,four
1449.16632,2014.62038,2076.76825,1312.35096,1947.00437,172.10369,four
1592.18089,2013.06064,1914.85712,1322.67298,1995.98663,171.88059,four
1612.16606,1937.26626,1913.66521,1245.08918,1924.64204,172.21353,four
1473.54512,2066.35083,2179.6108,1258.11855,1877.82715,171.89946,four
2645.2947,213.03088,464.82189,999.79858,1591.23827,171.13763,four
2696.97208,218.20068,449.68036,992.03698,1605.43511,170.79208,four
2686.89913,246.08493,411.46566,931.25481,1521.86579,170.92124,four
2691.69882,249.91493,432.45609,978.4887,1561.3306,170.51533,four
2670.00898,228.27858,435.25717,1021.85623,1577.50149,170.71092,four
2659.83576,228.98657,443.00722,1024.81532,1580.34659,170.93356,four
2682.98808,264.94702,459.56819,1038.33027,1591.82799,170.51073,four
2706.39555,282.37198,442.82107,1022.94474,1585.73951,169.30566,four
2715.2081,261.63635,403.77861,1087.72703,1616.00132,169.29681,four
2714.94251,238.48703,397.91006,942.31499,1567.97395,170.29937,four
2796.38726,434.67104,232.94702,709.35506,1276.10271,169.6715,four
2818.99495,419.32417,261.33207,739.83949,1310.53741,169.68479,four
2750.43636,395.20477,301.32937,812.71954,1345.98776,169.53101,four
2784.10864,400.9596,305.54431,816.75367,1342.04386,169.62353,four
2749.82862,406.17917,293.91019,804.98446,1328.40703,169.33333,four
2752.1597,388.42198,330.64807,848.76732,1357.30258,169.37427,four
2782.25611,355.49318,391.31213,918.02428,1389.65568,169.12618,four
2796.00601,364.22082,369.25156,899.69994,1395.84631,169.31341,four
2877.12305,380.02719,357.31523,891.09174,1392.27527,169.18221,four
2867.25933,345.11195,372.32169,869.046,1337.82562,169.47233,four
2355.37622,1150.41568,2293.23453,2950.52974,4148.11138,170.018,four
2347.79466,1142.78542,2257.70775,2936.47142,4196.16555,170.24807,four
2341.11232,1142.35357,2264.26004,2977.95514,4203.72292,170.43424,four
2326.10652,1209.90613,2336.15385,3039.92712,4089.083,171.40856,four
2289.30874,1203.65586,2136.3931,3278.47464,4231.7972,171.70831,four
2319.77326,1096.40175,1882.37221,3268.17956,4522.49245,171.68504,four
2338.22686,1151.27628,1931.77949,3354.61612,4643.84292,172.58135,four
2373.87973,1185.78935,1885.34746,3282.39961,4760.9514,172.91196,four
2334.18427,1234.97458,1973.63104,3341.89692,4930.77767,173.18563,four
2309.94021,1221.15563,2022.17492,3411.3198,5007.46038,172.31188,four
3136.09592,1781.01002,2046.74636,1821.63093,2194.85916,174.99098,four
2827.3842,1895.76722,1823.08041,1739.72307,2256.30498,175.55542,four
2765.78159,1906.66063,1764.054,1624.14573,2316.22174,175.45826,four
2818.37413,1850.9608,1770.43352,1613.5801,2303.36424,175.42213,four
2770.29142,1847.32436,1783.58381,1627.00321,2275.53402,175.4574,four
2827.69129,1790.22774,1742.81907,1648.1394,2261.81665,175.3899,four
2850.47522,1773.2753,1727.09031,1651.90709,2272.48537,175.26761,four
2814.57171,1663.93398,1711.11612,1620.57943,2276.26336,175.30885,four
2768.38629,1620.69357,1713.0582,1611.91639,2282.12822,175.2074,four
2753.64975,1495.42156,1633.31403,1593.14931,2286.522,175.44749,four
2232.55517,2078.21744,834.69235,880.23974,1613.83934,171.7031,four
2233.82188,2029.93316,881.03163,826.24452,1632.86738,172.25711,four
2252.87877,2023.64461,895.56166,870.93394,1645.04926,172.54789,four
2222.00928,1987.93281,878.43295,1298.22367,1643.8702,172.68621,four
2247.01129,1929.37601,867.84657,1494.01016,1641.8317,173.12651,four
2208.98038,1950.59879,789.67126,1483.45432,1632.64722,172.86585,four
2157.0172,1952.89361,791.6881,1470.84091,1614.40836,172.59435,four
2110.33053,1929.35918,854.93592,1478.73332,1591.00107,172.27232,four
2128.34644,1846.79906,917.73434,1414.97413,1577.77352,172.522,four
2171.22784,1761.81881,972.33455,1567.44104,1542.13411,172.80013,four
2593.09039,1205.35584,737.59781,1404.16487,2014.99537,179.2267,four
2863.52926,1549.67,971.89331,1503.52082,2067.17908,178.90317,four
3025.30786,1620.75366,735.2769,1504.55993,2075.42112,178.77795,four
2973.68561,1594.61393,854.33624,1511.87294,2080.66274,179.02001,four
2976.63795,1573.08936,914.42331,1489.56261,2086.88091,178.95283,four
2953.44875,1562.31279,1352.06282,1495.04275,2122.34965,179.07528,four
2946.90354,1594.22202,1473.29633,1497.90396,2119.9551,178.95358,four
2927.86468,1587.90385,1181.75797,1492.18506,2102.5896,178.77299,four
2891.96948,1523.22733,1334.35962,1437.54822,2083.35229,179.45535,four
2977.35359,1693.10828,1296.64987,1479.91502,2122.2382,179.22267,four
2462.23865,3051.92907,3659.55638,4115.08823,4893.35576,174.75166,four
2446.07977,3056.76532,3363.35284,3838.40721,4764.33425,175.55724,four
2397.78702,2773.07131,3118.24825,3801.23867,4923.04639,175.21501,four
2417.13544,2661.58123,3070.31094,3783.24854,4943.21522,175.24379,four
2415.54474,2687.61645,3030.91601,3742.66922,4964.76041,175.10764,four
2416.46217,2648.72662,2994.62853,3730.72771,4963.64604,175.10139,four
2396.92125,2525.14719,2964.46278,3717.54646,4926.55141,175.11661,four
2394.2407,2394.17793,3016.00381,3700.38197,4863.84539,174.5863,four
2397.26276,2314.79129,3082.7194,3796.66997,4884.23803,174.1404,four
2389.99527,2286.71315,3023.18109,3778.90531,4899.51683,174.2418,four
310.78544,1614.38666,606.3937,1007.03237,1705.65838,173.01925,five
338.98685,1307.15471,323.91138,1162.75757,1618.38323,173.10132,five
395.12879,1521.33945,537.83366,1103.06463,1652.20374,172.74522,five
304.8927,1589.48175,487.04308,1031.95757,1667.03008,172.67972,five
237.73087,1389.97192,436.00976,1106.43344,1662.05432,172.64825,five
104.00339,1555.80368,444.60218,1044.6043,1653.2568,172.45995,five
161.42886,1617.73219,742.54942,980.39013,1720.79914,172.26898,five
163.30308,1649.57769,710.27963,976.72904,1706.76112,172.44524,five
188.83812,1698.76203,443.77509,985.7036,1640.55709,172.60689,five
223.63252,1668.06768,549.05934,968.02555,1648.50171,172.66097,five
1063.01897,746.33676,549.68471,309.80099,425.02352,82.95956,five
1029.72697,878.89081,649.56213,405.33238,474.09402,83.10735,five
972.34883,947.17348,704.94616,469.7364,483.45139,82.59746,five
970.59827,985.31752,737.86369,465.6354,494.17014,81.6367,five
1002.77797,1001.63592,764.65878,456.23641,530.43921,81.29365,five
1028.04632,1032.57059,774.0987,443.82303,495.25294,81.2137,five
1085.67088,1058.436,794.65299,434.62428,461.13197,81.0884,five
1093.88841,1063.98485,797.62944,436.67765,462.38534,81.08781,five
1100.11498,1055.0375,810.25342,443.05913,463.9396,81.34406,five
1108.71794,1058.80626,750.15117,312.26541,354.51089,81.3505,five
202.42074,500.39315,992.92394,866.62341,1100.21051,87.82969,five
259.82702,479.7074,976.33662,872.2891,1111.61556,87.879,five
254.26198,513.30891,990.91001,876.06015,1105.82806,88.01487,five
302.78069,457.14682,953.34868,852.73558,1100.77486,88.21323,five
247.75258,557.12758,1017.44524,897.5306,1128.99424,88.67177,five
240.36788,423.76675,915.85477,813.43382,1095.10846,88.34163,five
299.19227,386.24652,900.3581,819.58237,1100.45835,88.3015,five
434.29395,323.34767,871.75369,809.06281,1046.21428,88.03666,five
426.09687,292.66287,861.20823,809.78973,1048.27162,87.76833,five
380.7993,344.73256,893.88983,833.52996,1092.321,87.83427,five
870.88176,576.90573,1048.24547,1505.54166,1789.8282,164.81528,five
873.70408,532.62833,1022.97781,1467.4611,1732.94476,165.05974,five
904.89646,552.4337,1012.21603,1478.90476,1770.46165,165.02994,five
893.87528,559.51778,904.44117,1386.84822,1757.30717,165.53955,five
901.55933,583.81411,800.96236,1293.75841,1674.25934,165.98682,five
898.97495,580.5459,837.02294,1315.45026,1687.18414,166.07269,five
903.54529,589.637,859.39671,1345.22135,1715.35454,166.15155,five
974.3008,597.20758,808.06506,1288.46057,1701.09677,166.08665,five
1047.35434,651.93776,1019.04361,1491.0478,1862.12444,166.08661,five
965.85287,731.74148,1138.35011,1597.32454,1917.69036,166.98713,five
280.59586,2030.38732,1043.38541,939.30653,1380.10379,127.68444,five
386.97768,2671.86735,1108.8132,820.04351,1203.22032,127.04429,five
285.72517,2658.30221,1056.72215,790.91581,1117.25348,127.00968,five
343.91086,2725.34982,1238.53542,717.42143,1086.39644,127.61331,five
400.80963,2543.78739,1122.65535,756.59959,1094.57965,127.39517,five
487.65798,2629.92935,1144.30926,698.03218,1063.63625,127.26273,five
393.05542,2503.26719,1006.62533,711.10986,1059.24119,126.67665,five
234.25361,2140.20738,702.17954,722.93253,1147.48054,124.68456,five
67.85792,2212.84396,472.12713,828.51262,1170.47797,124.6832,five
17.47613,2876.89853,568.97586,760.99429,933.41515,126.08591,five
1632.05616,717.98677,940.27154,863.65811,436.06889,99.25678,five
1631.45678,609.60352,1192.8996,927.61487,392.66353,99.53847,five
1621.63918,632.98923,880.11444,965.35933,419.57899,99.16102,five
1628.67775,627.75346,989.39546,1046.02536,508.28505,99.11406,five
1641.38504,690.91068,1043.20509,1086.37492,529.85837,99.11926,five
1623.28895,690.21641,1077.8578,1106.39934,533.40788,99.17901,five
1603.68149,670.31176,1019.24966,1187.41234,594.60762,99.66689,five
1604.68227,651.3356,985.80186,1102.04693,515.17201,99.74303,five
1643.39132,707.61318,1361.4684,948.82796,381.4745,99.42578,five
1667.45756,709.30073,1206.55288,1027.47882,613.16414,99.39098,five
1801.97329,475.87302,328.18411,46.49493,463.39741,104.54555,five
1799.76281,329.02557,262.82961,219.48243,591.38712,103.89664,five
1790.43891,224.66005,263.44448,101.70759,482.75477,103.73603,five
1812.19407,393.23103,266.36103,280.44722,587.51171,102.95698,five
1814.73913,500.0027,407.94799,446.36419,719.32113,103.06517,five
1779.01578,216.01924,305.53287,123.80759,615.34307,103.88179,five
1706.53391,230.02088,366.28304,249.02058,595.48429,103.46308,five
1671.41321,309.9709,470.10196,322.11087,641.01111,103.18462,five
1654.27456,332.85191,536.44252,353.74196,677.01417,103.10234,five
1734.23297,388.47382,575.52512,428.00955,714.8779,102.83472,five
104.45722,1868.82762,454.99487,296.1994,1453.83783,166.42145,five
85.63551,1934.64739,524.73662,217.97425,1410.20205,166.06852,five
99.3114,1878.83367,518.98408,228.57716,1434.44799,166.30579,five
160.28114,1926.13517,575.56111,230.95575,1444.22796,166.50509,five
91.81155,1964.33609,537.95559,291.06314,1429.13296,166.49347,five
84.78212,1911.08278,501.63472,333.19568,1421.88329,166.64735,five
92.25599,1915.81764,519.32104,308.45275,1413.79657,166.81714,five
89.63459,1866.00775,487.3992,355.90694,1440.41957,167.16734,five
111.72128,1929.32416,488.28267,321.98749,1393.61307,166.92675,five
107.94598,1912.85405,489.89355,279.60277,1364.43393,166.81702,five
367.22729,2123.82139,1803.53889,515.76987,1787.95023,21.91492,five
336.00911,2085.91816,1731.24244,532.91044,1827.98466,20.9628,five
258.63357,2113.07464,1763.31531,572.1549,1898.13385,20.55036,five
212.75294,2125.70643,1754.51474,559.61611,1895.05056,20.34794,five
190.294,2162.80476,1791.25052,567.97018,1861.85038,20.08426,five
195.0589,2198.10883,1815.36173,529.64373,1839.63458,20.31795,five
217.29987,2158.02202,1742.7903,511.45967,1829.9958,20.76222,five
212.31006,2167.90161,1755.45456,481.72724,1866.28152,20.32107,five
191.66886,2178.88647,1810.05699,426.3704,1854.88287,20.4375,five
167.26177,2176.72313,1826.55055,487.23146,1869.5364,20.51138,five
569.16403,2350.16505,1646.32643,562.34392,1505.81156,16.03995,five
526.85442,2135.78776,1393.08443,565.29375,1572.46611,15.02497,five
550.77346,2270.44435,1554.30898,592.41494,1510.82745,15.39342,five
610.74284,2221.29244,1560.96009,562.01167,1474.74191,15.33156,five
596.86194,2267.89607,1608.97055,610.74905,1488.31973,15.27495,five
568.25929,2302.62414,1640.63494,660.06458,1522.09822,15.61798,five
499.60497,2286.17486,1576.06197,720.07904,1532.44147,15.47244,five
505.39082,2206.17751,1537.84553,736.98786,1545.36719,15.54912,five
476.75795,2130.2042,1552.94922,773.18971,1676.29015,15.39997,five
421.10837,2185.22115,1534.53881,787.16918,1679.58658,16.58096,five
243.32575,882.27024,1027.73239,704.28308,1896.33971,172.69994,five
438.77073,862.34392,1302.91249,725.8696,1894.5555,172.73634,five
547.53654,831.08966,1534.394,755.26567,1906.20438,172.98571,five
467.62466,824.19771,1450.65837,782.57956,1902.07251,172.92416,five
459.49505,833.05253,1241.58757,863.63328,1933.14236,173.31516,five
194.36972,840.24168,1207.35546,847.91301,1971.84846,173.28697,five
295.78236,838.59185,1123.64255,818.05736,1969.67397,173.27915,five
431.86911,832.07575,1275.59396,799.82774,1955.52627,173.19216,five
359.04371,845.6129,1191.13865,812.5286,1967.29973,173.00779,five
312.19037,844.68461,1156.24204,824.35,1897.19604,173.58901,five
253.16545,655.12872,253.12693,780.21653,1781.12985,176.62634,five
240.11183,643.78895,130.27807,780.30438,1771.49441,176.61586,five
449.37728,658.36686,235.63838,768.459,1763.76426,176.95733,five
412.61545,659.86297,202.2909,773.63782,1769.14699,177.14583,five
461.84174,643.89498,282.12369,767.05509,1769.7189,177.25527,five
359.02942,639.90037,261.93483,765.96873,1739.00461,177.0082,five
291.37415,643.20522,218.53222,778.2823,1738.68489,176.93031,five
338.11553,652.14949,235.52039,770.49782,1761.11777,177.0082,five
308.56991,648.62314,276.64593,763.07745,1759.89717,176.90858,five
288.14759,654.40565,276.98363,751.04497,1760.90504,176.63623,five
1517.42255,414.47093,465.38691,335.75314,561.9621,94.57651,five
1578.67281,402.30443,458.66489,348.04469,506.30048,94.42646,five
1292.74687,620.85769,540.24005,358.83669,493.91331,94.76161,five
1327.70026,640.45531,545.68937,396.4689,497.9806,95.19927,five
1334.02772,729.91718,579.55477,361.47969,451.09945,95.3696,five
1603.61065,934.96538,598.22381,322.9224,354.3649,95.93615,five
1679.9085,971.35075,593.47561,322.9427,306.52361,96.03752,five
1735.82336,988.84689,593.90533,276.20308,256.7664,95.93038,five
1688.47154,1003.75362,582.1217,260.12837,267.56625,96.11131,five
1832.81225,1012.41045,592.01699,327.3378,255.5869,95.98225,five
2869.23086,1177.06266,830.86658,258.383,866.62587,89.06202,five
3040.88184,1328.352,1027.45894,350.19735,884.63891,89.24883,five
2818.87312,1303.61024,1060.85278,316.96047,883.78581,89.43219,five
3551.09527,1193.14673,995.57444,256.3642,850.85058,89.60236,five
3436.42787,1232.16559,1023.62982,261.21927,860.18895,89.63102,five
3585.45865,1352.34429,1063.02921,310.17651,859.87721,89.01675,five
3065.46754,1290.78924,916.19465,329.99232,855.5275,87.66169,five
2887.23347,1224.12669,736.62412,376.57961,861.83298,87.03649,five
3015.10426,1202.99572,721.53299,389.30142,875.67934,86.43101,five
2879.07111,1138.0183,608.67934,360.21732,860.77116,85.48903,five
305.67693,1166.21766,392.20104,424.55151,1351.72708,16.24315,five
384.53682,1188.1679,456.70053,403.02667,1343.89783,16.5365,five
296.27655,1172.04439,366.36491,402.00486,1292.8586,17.41715,five
437.64162,1121.2641,380.38794,339.70341,1295.90123,16.75555,five
385.39152,1207.70872,398.07688,386.92473,1283.77711,17.84422,five
551.47156,1024.25253,313.99856,323.84428,1202.7221,17.60398,five
494.90793,992.84095,333.76809,320.989,1231.88941,17.31787,five
409.97264,1113.42884,401.24387,341.99001,1283.25896,17.62812,five
548.64609,967.78777,311.96791,326.48124,1253.98867,17.35723,five
508.17652,998.44324,298.70996,326.53014,1261.93522,17.46368,five
1704.54727,851.32157,175.52372,83.64977,999.73652,16.63649,five
1623.06219,801.35666,173.00347,137.62257,977.02286,16.27994,five
1587.82937,804.78128,214.01583,179.24985,918.96997,16.62734,five
1434.47742,791.57761,241.12955,28.90421,941.18653,16.30328,five
1433.88503,792.83556,304.68133,51.42582,895.81861,16.35044,five
1480.45542,816.69527,257.34336,54.32024,888.52469,16.73323,five
1501.60116,745.01034,173.79031,160.07608,918.71876,16.56096,five
1515.85625,791.48701,213.98511,113.94873,915.3892,16.70309,five
1539.83447,829.85775,293.12106,35.24874,841.91187,17.0958,five
1514.17614,767.08465,193.92455,175.09347,947.1404,16.56204,five
140.23897,634.78054,548.20447,566.93545,954.5693,99.28697,five
89.84075,645.96098,598.61799,623.92868,970.28726,99.17089,five
130.01047,607.09273,496.18869,522.84905,969.8654,98.83848,five
208.23597,638.00421,505.26458,537.99112,993.34948,98.96262,five
83.72082,651.33903,571.53039,574.84315,934.67625,99.75469,five
20.50841,637.86173,555.17472,558.86105,916.46675,100.04138,five
22.02442,633.99567,548.4187,541.83772,899.70687,100.05543,five
13.18691,653.28915,547.61719,546.99762,923.83508,99.89303,five
195.76976,595.71313,452.46235,489.29959,961.27331,99.4351,five
258.67342,530.17519,444.43813,496.52129,970.65013,99.37356,five
779.57469,1200.40802,284.59491,945.57285,1680.46105,175.87379,five
966.22684,1140.03109,237.14229,930.6724,1656.55093,176.20011,five
989.80404,1210.35516,206.79047,804.6573,1539.46698,175.33591,five
808.95157,1161.07255,189.27376,729.84024,1470.02041,175.4505,five
784.7594,1195.98273,181.51931,705.10596,1441.72857,175.31048,five
752.58332,1167.3528,182.09263,739.18925,1464.97573,175.40816,five
754.34234,1081.10171,202.26362,815.36924,1549.79997,175.29351,five
832.56142,1114.56917,242.31417,900.12549,1593.44064,175.25839,five
807.64086,1154.54868,241.96988,913.01237,1594.99919,175.17972,five
800.95064,1190.8248,191.93274,757.95958,1447.03563,174.99629,five
80.30576,383.44913,557.34583,987.43747,1139.15782,109.94206,five
260.35075,501.79938,582.16498,896.61183,1127.9441,109.17284,five
377.99053,551.76776,574.84809,855.3294,1082.63834,109.09106,five
246.21321,462.92954,550.45018,870.75765,1110.5049,109.40668,five
197.98586,431.14984,521.62562,848.79968,1091.68345,109.33853,five
236.65007,515.1747,570.32359,878.18298,1119.18627,108.8378,five
376.023,549.33631,613.63541,863.92761,1081.98651,107.94122,five
230.65786,485.43373,585.07001,826.90162,1115.58987,107.80145,five
238.04595,560.61945,646.52954,866.49749,1055.89328,107.47378,five
287.7291,527.28389,594.30559,820.43208,1024.29835,107.39632,five
1206.51432,68.22755,321.39534,734.37178,1305.4608,94.02261,five
1254.45481,65.17118,348.30156,892.24259,1394.82141,95.23152,five
1274.70663,65.13239,308.28276,873.85364,1345.5139,95.03707,five
1279.46723,83.04826,426.73524,931.36844,1345.93789,94.87716,five
1217.59259,31.90901,379.73029,915.97353,1377.94217,95.13713,five
1220.15012,39.03917,332.60604,872.49304,1388.78411,95.18029,five
1234.55239,47.04151,310.53251,862.17675,1369.95947,95.32181,five
1274.40051,125.43282,311.63767,817.91113,1380.53802,95.03936,five
1270.48296,265.94871,247.48268,712.50106,1303.58851,95.08307,five
1338.44133,376.55703,162.86158,746.68631,1327.65023,94.81566,five
