thumb-index,index-middle,middle-ring,ring-pinky,palm_normal_angle,class
41.41714,12.46031,14.32843,15.07393,167.00822,zero
41.68226,12.53923,14.33309,15.1404,167.40074,zero
41.84757,12.39822,14.0281,15.09025,168.49944,zero
42.05307,12.38657,14.06112,15.10203,168.49323,zero
41.66951,12.42235,14.31331,15.23497,167.91225,zero
41.53205,12.3354,14.26745,15.19107,168.49134,zero
41.63308,12.20512,14.21103,15.15842,168.70952,zero
41.46944,12.11017,14.25893,15.10837,168.75022,zero
41.7735,12.10297,14.20217,15.04658,168.80636,zero
41.51594,12.09227,14.27505,15.11242,168.89025,zero
39.60053,13.97772,12.88181,14.80059,172.43247,zero
40.52698,13.89109,13.00609,14.42187,172.92831,zero
41.04929,13.78347,12.79933,14.48273,171.60263,zero
42.97793,13.25721,12.54568,14.49578,170.09424,zero
42.89409,12.92563,12.83926,14.25814,172.36756,zero
43.57119,12.77662,13.18589,14.03442,173.26577,zero
43.83796,11.54405,12.69412,14.72478,171.72783,zero
44.23953,12.20775,12.94462,14.20249,172.29637,zero
45.07253,12.09321,12.42837,14.31804,173.42625,zero
44.68925,12.38361,12.56767,14.31933,171.98179,zero
37.59228,11.17833,15.21284,14.17496,170.16501,zero
37.21925,11.03436,15.42558,14.05288,170.84161,zero
36.93264,11.06377,15.40915,14.07344,170.7435,zero
37.39795,11.21622,15.31172,14.13871,169.98773,zero
37.02511,11.2477,15.48787,14.19488,169.95875,zero
36.38516,11.24154,15.64974,14.15775,170.50663,zero
36.13676,11.12543,15.71954,14.18201,170.60143,zero
35.33903,11.87905,14.777,14.45799,172.90203,zero
35.62217,12.13073,14.75236,14.45748,173.22526,zero
35.85893,11.12816,15.42813,14.29556,171.73732,zero
36.97982,11.89703,13.33637,13.80639,170.69038,zero
37.96235,11.47873,13.1866,13.65382,170.42999,zero
38.14459,11.38661,13.21734,13.51729,170.48961,zero
37.69528,11.42419,13.2983,13.55839,170.53732,zero
37.68249,11.45211,13.36248,13.57086,170.2657,zero
37.40049,11.62317,13.37049,13.56729,170.24309,zero
37.02036,11.77557,13.46602,13.59218,170.24068,zero
36.75388,11.68236,13.36443,13.66955,169.96235,zero
36.54726,11.55132,13.29645,13.68168,170.52149,zero
36.72474,11.65135,13.31052,13.70043,170.15979,zero
33.22528,24.87137,14.65207,16.15768,65.0764,zero
32.70972,25.18668,14.60183,16.04429,65.18564,zero
33.06092,24.66094,14.42996,16.62651,65.31628,zero
32.90924,24.50167,14.55868,16.17463,65.63491,zero
33.16069,24.22818,14.60389,16.1345,65.82283,zero
34.02679,23.75394,14.50834,16.36057,66.41741,zero
34.00899,23.96165,14.52098,16.36888,66.67974,zero
33.39285,23.51015,14.49646,17.07625,66.17643,zero
33.9799,23.01253,14.50731,16.59627,65.78193,zero
34.67301,22.97094,14.77744,15.6303,66.83062,zero
30.46612,28.54684,15.02745,16.42428,64.41189,zero
30.13182,28.7121,15.07667,16.41746,64.31829,zero
29.8809,29.01458,15.06147,16.43296,64.11736,zero
29.41008,29.32718,15.12656,16.47068,64.21906,zero
28.00194,30.91066,15.18483,16.42941,64.20137,zero
28.75878,30.03408,15.11985,16.42012,64.45691,zero
29.83914,29.43085,15.02784,16.07431,64.48981,zero
29.57851,33.13905,15.03968,15.97669,68.45138,zero
27.95885,40.52914,14.69762,15.80158,65.89177,zero
34.06499,22.77713,14.66537,15.89507,64.87524,zero
13.7179,11.45434,26.63758,16.55899,69.78214,zero
13.46805,11.30457,28.60726,16.52805,70.26127,zero
17.05401,10.67183,26.3853,16.32061,71.61925,zero
19.22765,11.86302,19.2278,16.24195,71.68813,zero
18.93616,11.57768,20.17615,16.14228,72.15828,zero
18.98154,10.61211,22.88639,15.99829,72.48231,zero
18.97245,10.72037,24.00727,16.02259,72.4402,zero
17.27108,11.09986,27.4047,16.00805,72.65471,zero
18.41894,10.79258,26.23015,15.99629,72.85684,zero
18.25396,10.58217,23.40872,15.95519,73.35508,zero
49.00118,12.24048,13.3942,16.85382,98.17056,zero
46.59808,12.6508,14.15514,16.54629,100.43377,zero
48.04582,12.2545,13.86684,16.32715,102.15281,zero
49.87009,11.6216,12.68892,15.94547,105.21606,zero
49.27913,11.73925,12.76687,16.05353,103.94025,zero
49.1793,11.53218,12.77052,16.04486,102.95708,zero
48.18935,11.80451,13.00542,16.47236,100.42689,zero
48.41167,11.92835,13.63013,16.22114,99.16743,zero
48.63562,11.86364,13.16316,16.68498,99.71919,zero
49.15976,12.15461,13.04059,16.38789,102.24257,zero
41.21538,12.97897,13.40884,14.92334,95.96667,zero
41.02223,13.50895,13.44888,14.90183,97.93619,zero
40.64072,13.74514,13.42008,14.8193,98.36105,zero
40.98687,13.28812,13.48615,14.76669,96.15221,zero
41.77943,12.83306,13.63383,14.82195,95.07791,zero
41.11608,13.21106,13.59504,14.77692,96.5321,zero
40.81017,13.59217,13.52554,14.79586,97.88758,zero
40.93467,13.43447,13.50306,14.82609,97.27719,zero
41.6932,12.83563,13.57854,14.78927,95.19752,zero
41.24545,13.18315,13.61712,14.81213,96.95615,zero
42.26582,10.86059,14.50353,15.09745,101.43871,zero
40.29549,12.57925,15.79251,16.60477,96.77551,zero
41.51945,12.60302,15.44255,16.42176,98.34132,zero
42.72861,10.60433,13.96496,14.58708,101.04381,zero
43.26622,11.13651,14.30928,14.8741,100.3261,zero
41.41467,11.4802,15.07244,15.85712,97.8425,zero
44.69808,11.09669,14.36812,14.45872,99.93259,zero
42.28479,10.41646,14.31166,14.8504,99.28988,zero
43.47784,10.87246,14.31392,14.8061,100.36508,zero
43.31019,10.92951,14.21957,14.73059,99.5164,zero
39.10501,15.27759,12.57854,15.46093,164.8169,zero
38.17032,15.97788,13.02041,15.51318,168.66438,zero
37.57127,15.61325,12.7356,15.32675,167.05778,zero
37.52754,16.07603,12.99727,15.33243,167.39362,zero
37.80592,15.09154,12.9205,16.03093,168.30486,zero
37.87526,16.4042,13.15316,15.2158,169.37431,zero
37.54836,16.15051,13.01098,15.4058,168.97309,zero
37.92243,16.28819,13.03605,15.20927,168.81446,zero
37.92121,15.72668,12.91905,15.39042,168.51094,zero
37.71952,16.1661,13.12651,15.30688,169.11399,zero
39.81562,13.24185,14.27329,15.41966,172.25995,zero
40.02569,13.54451,14.25611,15.34556,171.748,zero
39.35911,13.62199,14.49209,15.50381,172.07716,zero
39.98545,13.66292,14.51286,15.4571,172.9003,zero
39.30213,13.8667,14.49671,15.43675,172.1395,zero
39.45596,13.81237,14.49646,15.42547,171.89831,zero
40.00723,13.54388,14.61384,15.58276,172.16171,zero
39.37304,13.53657,14.72265,15.62593,172.66511,zero
39.33763,13.78212,14.61676,15.49442,172.11646,zero
39.35266,13.70603,14.72768,15.57898,172.3709,zero
49.172,15.14693,13.17821,15.21457,160.36201,zero
49.93808,15.20008,13.40544,15.04052,160.05608,zero
49.52249,14.98094,13.29923,15.02605,161.37009,zero
52.57795,14.897,13.36093,15.02757,160.55041,zero
51.03989,14.9043,13.46168,14.98017,161.99608,zero
52.66843,16.67812,13.11426,14.08539,160.01121,zero
52.4362,16.3926,13.1603,14.31532,159.7724,zero
52.44688,16.58539,13.06062,14.26328,159.45205,zero
52.59384,16.4884,13.12921,14.2855,159.11551,zero
52.8069,16.34278,13.33615,14.33354,158.01141,zero
30.20508,31.84249,14.75726,16.35912,62.49411,zero
27.17366,32.87775,14.81597,16.71034,60.40001,zero
28.5323,31.82127,14.64118,16.70623,59.78609,zero
25.89675,34.74944,14.67842,16.60461,59.56437,zero
26.60765,34.48199,14.46586,16.64651,59.51104,zero
25.84841,34.67356,14.62435,16.45591,58.57518,zero
26.47713,33.50109,14.91823,16.29321,58.2025,zero
25.97748,33.92183,14.9987,16.28947,58.02692,zero
26.95547,33.4481,14.91462,16.20008,58.18283,zero
26.72028,33.98791,14.96859,16.22759,58.36801,zero
38.22091,18.87779,15.58739,17.57866,43.75365,zero
39.01024,18.70991,15.28908,17.70432,42.97905,zero
32.77457,25.2302,13.69102,17.86042,43.54928,zero
32.39052,25.29005,14.0325,17.78053,43.9842,zero
35.04904,22.83225,14.08078,17.87018,43.59357,zero
36.62932,21.48643,14.20979,17.91384,43.04985,zero
33.6659,24.12071,13.88267,17.85365,43.24926,zero
33.78125,23.60558,14.31254,17.54952,44.05163,zero
36.48111,21.76948,14.32656,17.69641,44.61933,zero
37.82212,19.96626,15.20068,17.75266,44.63468,zero
30.10077,22.6399,14.96688,16.33996,50.10397,zero
30.17165,22.05408,14.91566,16.31868,50.07081,zero
28.03304,24.74597,14.93404,16.35492,49.51713,zero
29.57444,23.08501,14.85251,16.30553,49.79017,zero
30.06665,22.9068,14.89523,16.12078,49.46966,zero
30.19859,22.59554,14.73138,16.22502,49.92944,zero
28.75466,23.98537,14.57332,16.32205,48.37753,zero
29.97999,22.42234,14.59744,16.50072,48.26398,zero
24.177,27.97522,14.39924,16.71456,47.18751,zero
27.60161,24.58248,14.51796,16.48773,47.49002,zero
30.8501,13.37795,16.68251,16.1924,105.36402,zero
32.65284,13.73871,16.17098,16.21005,107.14563,zero
33.8258,13.15489,15.89774,16.67654,108.00627,zero
30.81196,13.69974,15.9697,16.70261,109.86961,zero
33.41955,13.56102,16.07778,16.05961,106.70065,zero
33.38036,13.12531,15.78621,16.55501,103.07764,zero
33.95377,12.56068,16.37004,16.63871,108.37107,zero
33.71275,12.94257,16.62037,16.33813,108.34093,zero
34.2257,11.73902,16.65952,16.71213,110.3975,zero
34.67203,12.01669,16.45493,16.67155,109.33621,zero
42.84292,10.5913,14.8849,15.20798,103.61936,zero
43.04239,10.83477,14.93747,15.07084,104.05306,zero
42.67402,10.74504,14.89372,15.1631,104.23143,zero
42.2654,10.64587,14.83128,15.06513,104.93009,zero
41.10505,10.64337,14.91591,15.10658,105.14427,zero
41.27081,10.57834,14.89343,15.04098,104.95971,zero
41.26482,10.60411,14.90825,15.08137,104.38106,zero
41.24891,10.634,14.94247,15.04655,104.55855,zero
41.5759,10.62733,14.89363,15.03622,104.73807,zero
41.2145,10.73071,14.94068,15.04244,105.01784,zero
42.18357,12.56511,15.25034,14.64561,104.81629,zero
40.27527,12.63982,15.21208,14.56152,104.91231,zero
40.98626,12.36714,15.17259,15.16886,105.30462,zero
41.31878,12.3003,15.2343,15.20698,106.09847,zero
41.46451,12.28865,15.17689,14.10696,105.31645,zero
41.03778,12.85519,15.27962,15.38871,104.18356,zero
40.9559,12.5119,15.31467,15.35954,105.2618,zero
40.7891,12.56386,15.34089,14.16638,105.0362,zero
41.20647,12.58625,15.35641,13.53544,104.34323,zero
41.01903,12.62344,15.31588,14.61386,104.27756,zero
41.3516,14.87915,14.91469,16.23378,112.56562,zero
41.51622,14.96677,15.28628,16.20093,112.25063,zero
41.32201,15.43488,15.26513,16.18789,111.76925,zero
41.42179,15.19359,15.29653,16.22756,111.82242,zero
41.9052,15.53894,15.20171,16.28497,110.24828,zero
41.56815,15.22242,15.27435,16.2299,110.8303,zero
41.86572,15.25533,15.13298,16.19343,110.21973,zero
41.48998,15.12242,15.22409,16.12496,110.15801,zero
41.09256,15.38665,15.30692,15.8677,109.83355,zero
41.97114,15.3022,15.17425,16.0553,108.39339,zero
73.12357,117.30074,15.79369,16.13285,82.14593,one
73.28708,117.38964,15.772,16.16883,81.94054,one
72.87911,117.3994,15.72547,16.10468,82.53159,one
72.61328,116.88631,15.83,16.06624,82.45355,one
72.36042,116.64606,15.81395,16.083,82.11532,one
71.44073,115.95312,16.11625,16.23278,81.08031,one
71.47811,115.67641,16.17055,16.27217,81.60366,one
71.23016,115.35259,16.20588,16.10299,82.31478,one
71.07616,115.19482,16.29445,16.09227,82.12919,one
71.20856,115.58181,16.11297,16.10429,82.48075,one
74.38286,108.62636,15.84021,15.82749,81.75591,one
73.44849,109.13979,15.6901,15.69482,81.59785,one
73.09533,109.11903,15.82271,15.8644,81.37828,one
73.64009,109.89533,15.61676,15.76533,82.1523,one
75.96499,111.54297,15.36013,15.59958,82.69448,one
74.29975,108.39745,15.64958,15.8958,82.07482,one
74.20502,103.94238,15.70445,16.6148,83.19851,one
76.82906,104.64996,15.32399,16.45032,84.17848,one
76.05188,105.64277,15.46198,16.88388,84.45658,one
73.85733,101.7908,15.52167,17.11971,85.86024,one
76.60536,123.34509,14.83084,16.1229,82.36624,one
76.5082,123.35951,14.7497,16.00047,82.91105,one
76.97214,123.58331,14.93673,16.12348,82.63034,one
76.99443,123.50529,14.9174,16.16148,82.52001,one
77.04164,123.2077,14.93482,16.10795,82.67721,one
76.68421,121.10767,15.82856,15.94415,83.608,one
77.66239,121.13095,16.5138,16.03766,83.24062,one
77.23562,121.34715,15.98109,15.99179,83.61147,one
77.67222,121.01032,16.47879,15.96192,83.72906,one
77.41517,120.93217,16.51219,15.98232,84.21017,one
67.87376,99.01488,13.99718,16.34602,150.62496,one
67.80893,99.00085,14.03867,16.42448,149.8838,one
67.18215,98.40397,14.13449,16.34685,149.66054,one
67.41891,97.9475,14.13159,16.39377,150.14525,one
71.124,101.16663,13.92386,16.44484,151.15756,one
73.83518,101.16224,14.13075,16.52248,151.29058,one
75.01572,101.73466,14.08856,16.51358,151.16724,one
75.19754,102.42908,14.01883,16.49464,151.30157,one
74.38243,102.82224,13.79107,16.35015,151.13836,one
76.49351,105.76923,13.5843,16.57715,151.88609,one
88.66452,112.81503,16.31741,16.55563,92.82696,one
89.39865,114.54037,15.83626,16.60649,93.04614,one
88.1142,113.25027,15.95436,16.45185,93.7389,one
88.39751,114.15115,15.66615,16.53811,93.55347,one
89.45882,114.22326,15.79434,16.63495,94.21275,one
86.68905,113.12209,15.40431,16.41701,92.62564,one
88.54105,114.7086,15.30456,16.50434,92.88721,one
90.00986,114.76184,15.30488,16.56738,94.56959,one
89.13834,114.9798,15.29473,16.52223,95.09689,one
89.10184,115.31757,15.0857,16.42424,95.19352,one
76.78094,111.08735,16.74014,16.47097,109.93842,one
76.76143,112.13044,16.39336,16.45268,107.82064,one
77.5135,111.92836,16.39121,16.34433,108.2069,one
77.02274,112.04586,16.39134,16.30161,107.594,one
75.19506,113.33556,16.07151,16.70425,104.64083,one
75.92479,113.51366,16.00547,16.59269,105.15313,one
77.84016,113.45092,15.65754,16.48032,108.26791,one
77.32006,110.82384,15.36129,16.42083,120.33598,one
80.63432,111.24027,15.70058,17.45744,124.99816,one
79.28658,112.05265,15.06242,17.66014,127.80233,one
83.20813,26.45289,111.15575,16.0415,46.8822,one
85.69009,19.69812,122.72141,16.48374,49.41709,one
84.85358,33.57005,105.10287,16.30596,44.88205,one
79.47255,116.86226,21.02638,15.9911,30.93817,one
79.60746,116.3702,18.72752,16.0026,27.33485,one
79.87977,117.06971,18.25307,15.97476,27.59335,one
79.30484,116.21455,19.20912,16.13109,28.15658,one
78.65572,115.03951,20.7065,16.11179,28.39876,one
78.67863,114.12246,21.64042,16.20363,28.23048,one
78.58278,114.89616,21.8081,16.16865,29.12373,one
82.54976,99.34954,37.61115,16.74672,19.94704,one
82.88934,95.83738,41.53148,16.73196,20.23342,one
83.00096,94.45571,43.33727,16.74255,20.2188,one
82.83855,98.88034,38.24982,16.76699,20.53425,one
82.89124,98.98706,37.97048,16.842,21.20808,one
82.22135,111.15423,25.30413,16.94978,22.78812,one
82.84045,105.5738,30.58952,16.86384,23.12983,one
82.03497,112.59002,23.70877,16.81208,22.90663,one
81.9671,115.31757,21.4912,16.67168,22.61423,one
81.87234,113.70823,22.78818,16.68941,22.46069,one
79.64828,111.94592,15.02673,17.0351,91.75925,one
78.09441,111.36372,14.99537,17.0471,91.82518,one
80.54088,111.82874,14.70788,17.04211,92.99162,one
81.25037,111.95094,14.59036,17.01328,93.8882,one
80.41308,111.41541,14.51439,16.99597,93.85032,one
80.65814,111.72286,14.62641,17.01433,94.03811,one
81.52856,112.80459,14.67976,17.00436,94.24606,one
83.28064,113.20394,14.66387,17.02617,94.68398,one
83.95585,113.50201,14.64801,17.02373,95.09685,one
83.46841,113.47627,14.71561,17.02755,95.22054,one
73.47437,111.49414,17.05361,17.12045,94.44546,one
72.6272,110.53934,17.08992,16.93951,93.57529,one
72.28031,110.81575,17.07956,16.95962,94.45581,one
74.49947,110.79654,16.99256,16.4504,93.00998,one
75.73268,112.45106,16.94867,16.31245,93.49837,one
73.84982,111.27898,16.99464,16.58721,92.73576,one
75.66173,110.95987,16.70128,15.88893,89.8814,one
74.80917,112.78676,16.04033,16.11013,91.54947,one
75.45676,112.6577,16.07014,16.05569,90.89843,one
76.7866,111.25881,16.70984,16.02324,88.47059,one
81.36671,112.72654,17.57398,15.41211,80.44404,one
84.87689,114.23879,17.91378,15.48028,78.94386,one
88.63928,118.89043,17.26614,15.7224,78.50395,one
85.41898,114.66378,17.81,15.56704,80.11617,one
80.63267,115.4006,17.12904,15.46995,80.93761,one
85.28594,115.24091,17.33972,15.32447,80.62588,one
84.78333,115.03605,17.49767,15.36744,81.35048,one
84.48809,113.03745,17.78886,15.35718,82.75802,one
85.20917,115.98037,17.06168,15.25703,82.07426,one
86.12634,115.8612,16.95367,15.49167,83.48172,one
86.94624,117.40585,23.47046,16.18463,80.48769,one
86.51708,119.64629,22.46006,16.15459,81.12728,one
86.86407,118.81871,23.2153,16.21045,81.20265,one
87.44334,116.29401,25.25638,16.08208,82.3761,one
87.57699,112.81084,28.37263,16.32658,81.61119,one
89.47652,102.77142,37.83072,16.69201,81.25654,one
87.44861,118.02056,23.4942,15.97663,80.97996,one
86.99272,116.74203,24.50708,15.95605,81.31281,one
86.00831,111.78355,28.14247,16.11311,81.07392,one
87.535,106.89564,33.44879,16.45203,81.75013,one
88.72644,108.63918,14.41139,15.4813,171.34061,one
86.95293,108.84588,14.2198,15.1054,170.60886,one
85.80931,108.59271,14.33303,15.21724,169.97318,one
86.63323,109.45178,14.49226,15.33527,170.90238,one
88.53786,111.72062,14.83899,15.19958,171.70592,one
89.19003,111.71748,14.90653,15.11562,171.0025,one
88.8651,111.62287,14.78934,15.05185,169.99667,one
89.62525,111.70388,14.95412,15.07946,170.48703,one
89.22392,111.57811,14.96094,15.21687,170.99721,one
90.16428,111.39307,14.78091,15.20968,170.98343,one
86.73771,113.53365,13.72601,15.18973,163.19737,one
85.9819,113.37157,13.68059,15.09699,163.67055,one
82.00986,111.18502,13.5745,14.89126,164.34663,one
83.50885,112.57847,13.3738,15.03023,165.38627,one
79.75526,110.51912,13.48372,14.97902,164.53169,one
80.06195,111.7812,13.61748,15.22718,165.16483,one
79.56353,110.43478,13.59054,15.16918,164.36174,one
76.57979,106.55547,12.68939,14.99141,169.1263,one
78.9874,109.37079,13.26811,15.06174,166.65231,one
77.94902,108.88664,13.65679,15.34046,167.1472,one
77.61268,75.55822,44.64442,16.35619,136.4297,one
77.3483,75.67421,43.86026,16.36907,136.11749,one
77.18849,78.08292,41.53596,16.28195,136.70562,one
76.74454,77.46565,42.25068,16.1304,136.11048,one
76.93223,79.80356,40.07734,16.21622,135.89048,one
76.65766,77.91892,41.29458,16.24462,135.85764,one
78.79705,71.57959,49.95637,16.48938,135.13387,one
84.71458,66.66652,59.09602,16.75551,137.51885,one
83.86958,110.27495,19.59916,16.27033,140.47832,one
80.90823,104.55182,20.17527,18.65733,148.57137,one
75.70998,116.31819,16.14694,17.24677,56.01039,one
75.97834,116.88656,15.97534,17.15843,56.28577,one
75.69895,117.06432,16.2201,17.23393,56.39535,one
74.76206,116.94358,16.10353,17.13214,57.20995,one
64.01588,108.16164,16.1555,17.49253,56.2246,one
46.35588,95.983,16.48069,17.71129,54.35221,one
43.05704,93.37453,17.47354,17.74259,54.68722,one
64.43779,106.23733,18.57208,17.41419,58.43665,one
48.2168,98.0411,19.01264,15.84336,58.19549,one
44.72053,80.35168,16.28611,14.70917,61.74408,one
69.09333,88.66733,15.62031,16.78439,80.88073,one
69.65094,88.63637,15.67756,16.93668,80.77861,one
70.53343,90.42226,15.53176,16.77787,81.07741,one
69.75977,89.3392,15.63286,16.7599,81.00897,one
69.23103,88.52258,15.62938,16.74611,80.84996,one
69.1396,89.35091,15.61987,16.84933,80.91847,one
69.88405,89.03854,15.63348,16.85114,80.85641,one
68.37988,87.94868,15.70977,16.9575,80.79715,one
68.89192,87.90862,15.68281,16.94668,80.69851,one
68.16185,87.47833,15.72896,16.93867,80.80939,one
107.99518,112.32286,15.41455,16.19196,166.98384,one
106.34888,111.70305,15.44746,16.50731,166.50962,one
108.07559,114.21328,15.00387,16.60233,166.48691,one
106.3791,112.60354,15.40465,16.5775,167.06953,one
106.82023,112.38161,15.32159,16.71915,167.30088,one
109.91585,114.116,14.93593,16.53428,167.50636,one
109.99946,115.66389,14.97073,16.61185,167.62705,one
109.6655,116.17221,14.98985,16.74392,167.15243,one
109.98161,115.19958,14.86884,17.04264,163.84158,one
109.52808,115.66042,14.97782,16.98266,163.13493,one
90.93558,102.55392,15.3473,15.13069,101.84824,one
95.88769,105.68105,21.64877,21.37679,109.66983,one
91.24654,104.08993,18.4107,27.58573,113.91809,one
88.58987,103.8839,20.29592,25.72993,111.93235,one
89.67138,103.05846,19.7624,24.48391,110.31069,one
90.35587,101.3428,8.79677,25.38988,108.42422,one
90.13601,100.87031,11.41078,21.22653,106.6407,one
88.68401,103.25873,14.83897,25.90301,104.33077,one
89.59546,101.8488,12.58633,22.69354,106.6682,one
92.65401,102.60201,12.70992,21.29598,107.68536,one
69.43045,113.26183,15.76976,14.77115,99.30676,one
69.05246,112.84342,16.05478,14.81328,99.27366,one
68.91026,113.64237,16.08774,14.71119,99.23823,one
69.12843,113.79008,16.15441,14.61623,99.71975,one
68.84835,113.01759,15.94407,14.66381,97.75458,one
68.87344,112.41235,16.17084,14.65717,96.45657,one
69.71628,112.09142,15.83721,14.55714,98.91386,one
69.13257,111.48152,16.77266,14.66897,99.61461,one
68.11797,112.3719,16.08,14.78501,101.024,one
67.53661,111.80941,16.03598,14.74141,100.69089,one
91.95837,57.03869,97.01318,12.71228,169.08825,two
90.18825,53.69115,97.01122,12.7176,170.42478,two
90.31827,53.05098,99.35162,12.92385,169.05909,two
90.41674,53.515,99.51913,12.88054,169.76293,two
89.54097,53.35912,97.5134,12.89608,169.81597,two
89.92017,53.87757,97.69943,12.80658,170.07748,two
88.96944,53.72683,96.80896,12.87905,170.61763,two
89.80222,53.14514,96.98506,12.84172,170.3237,two
90.88395,54.09746,96.19341,12.45571,171.08948,two
90.72017,54.58624,95.2613,12.76148,170.98476,two
104.17468,54.88494,117.04718,14.98052,167.80275,two
103.19715,54.4273,113.60787,14.95395,165.73308,two
102.79015,52.3587,115.64783,14.39053,167.9066,two
100.08076,53.84289,115.85231,14.52361,166.58811,two
99.71526,54.29197,113.56013,14.84287,164.84453,two
98.42515,55.00234,114.77366,14.48636,166.31651,two
103.33786,52.28388,117.30732,14.90791,167.04167,two
97.82211,55.33914,114.49348,14.40336,166.51242,two
99.56069,53.64596,114.11079,14.87263,163.70052,two
104.58183,51.97448,118.85534,15.02185,167.40564,two
112.82442,57.04284,135.68448,16.89006,38.54642,two
112.41357,55.54982,134.51665,16.80379,42.1012,two
111.68559,54.52749,134.43347,17.06312,42.58092,two
111.02459,55.39679,132.95337,16.6164,43.00957,two
110.51381,55.09944,133.01802,16.45605,42.62419,two
110.31074,55.36764,131.38553,16.2592,43.28043,two
110.2666,55.30791,132.38057,16.2306,42.76687,two
110.54176,55.57689,131.65286,15.92943,42.47261,two
110.54778,55.8153,131.32813,15.96836,42.72501,two
110.15302,55.03304,130.53613,15.92196,42.51739,two
86.95155,47.09991,111.68359,14.42737,166.7224,two
85.3848,44.19481,98.18533,15.17495,164.8173,two
82.33186,59.81601,71.48267,15.3322,166.5019,two
91.14223,47.69851,117.20119,14.80399,165.66016,two
92.8863,47.13215,113.44156,14.1608,163.06176,two
91.99569,46.03645,112.66933,14.51474,163.83358,two
89.67328,45.26518,113.2899,14.38407,164.18896,two
82.13941,45.01252,114.02599,14.67988,166.93951,two
84.78337,43.66162,106.53735,14.29636,165.63642,two
80.75817,43.40677,108.78413,15.09783,167.90369,two
90.30582,54.87772,127.17977,14.02289,177.83183,two
90.38939,55.41296,125.57882,13.83428,176.63902,two
87.29404,54.25344,124.01805,13.74709,174.93109,two
87.50728,57.1195,127.29862,13.91584,175.24528,two
86.87018,56.92617,126.93496,13.97816,175.29709,two
85.41688,56.02092,126.23027,14.11834,174.34906,two
85.58191,55.74224,125.98337,14.10369,174.18665,two
85.83646,54.66933,124.80426,14.01192,174.18773,two
86.50695,54.72584,124.96493,14.05024,174.27214,two
86.04941,54.35471,124.57332,13.97662,173.68242,two
84.23743,57.02293,119.88586,13.74654,141.61358,two
86.32528,56.50319,121.21302,13.94887,140.11826,two
86.57423,55.72255,120.95832,13.97365,139.96553,two
84.01559,56.85277,119.52971,13.70516,142.30878,two
84.57296,57.52282,120.42799,13.49456,140.99039,two
86.36687,57.66896,121.03058,13.38806,140.73067,two
86.12159,57.61275,120.83349,13.40432,140.63014,two
86.27808,57.67832,121.58888,13.47219,140.43902,two
84.89518,57.49092,120.78411,13.53909,140.70642,two
85.67404,56.42538,121.2527,13.82641,140.86398,two
105.25637,62.76832,136.47652,16.59128,34.29215,two
103.53707,56.33992,138.42339,17.59615,37.76889,two
104.38771,58.59695,138.00145,17.51763,37.60198,two
103.58641,59.71031,136.95825,17.502,38.0788,two
102.93819,60.3405,136.18192,17.44085,38.4885,two
101.51857,60.49358,135.51857,17.44177,38.91118,two
102.71634,61.98643,134.93196,17.48197,39.05129,two
102.10452,60.96901,135.48328,17.18143,37.81787,two
101.27525,60.33401,135.4052,17.59817,36.83528,two
98.68011,61.60799,132.99414,18.45773,36.02409,two
105.19849,47.11127,115.40228,13.42423,16.90401,two
105.63361,47.33419,116.03615,13.95772,16.88849,two
105.90663,46.61693,115.86504,14.09702,16.52392,two
106.65591,47.15214,115.75396,14.15318,16.7065,two
107.01918,49.16383,117.17886,14.5485,17.83474,two
107.39587,50.46068,117.60824,15.18471,17.93806,two
107.11375,50.12784,117.55519,15.90349,17.88048,two
107.55264,56.0697,115.50593,15.64355,17.88908,two
106.53177,57.99131,117.61075,15.36082,20.84839,two
107.20135,69.89661,124.4957,16.03085,25.33729,two
83.22297,43.54203,113.73145,13.20035,170.1062,two
83.28212,43.47613,114.67412,13.17821,169.94128,two
83.74525,43.94043,117.76347,13.46521,169.50098,two
83.42608,44.14046,118.08505,13.74696,169.48833,two
83.7354,44.09495,118.27234,13.67894,169.33072,two
83.2485,43.54936,117.70663,13.53491,169.49838,two
82.96014,43.18495,116.32513,12.86796,169.72904,two
83.3395,43.54206,116.97234,13.16154,169.61922,two
83.41756,43.64193,117.21001,13.08903,169.60655,two
83.0293,43.53193,117.31367,13.42737,169.43962,two
81.56717,46.32978,120.93389,13.11129,156.12236,two
80.9374,44.81808,119.43999,13.27513,153.4939,two
80.52013,45.38675,119.95599,12.70809,152.68168,two
81.02498,45.28764,121.64897,12.99179,153.5673,two
79.90082,45.36113,120.28417,12.71562,154.57695,two
80.3681,44.93843,118.52335,12.88922,154.9312,two
82.53842,45.03169,120.40585,13.25134,155.48445,two
79.54472,42.69251,118.97002,13.38146,156.401,two
80.96779,46.03415,120.03201,13.02472,157.37571,two
80.8297,44.23418,119.64816,13.37988,156.2472,two
110.13201,48.0532,113.40796,13.13837,161.02545,two
110.47618,50.22484,111.69917,12.95477,160.78637,two
111.75885,53.12844,111.21191,12.74575,160.54162,two
110.52526,51.91606,109.93743,12.7857,158.82337,two
110.25865,50.74856,111.97428,12.93286,159.03977,two
110.20503,51.39122,112.28947,12.95644,160.7329,two
109.97126,51.46084,111.03,13.02453,159.9731,two
109.88814,50.96121,109.60935,13.0172,158.54433,two
109.77113,51.02892,109.54767,13.04641,159.5911,two
110.97396,52.86169,108.56871,12.92339,159.88366,two
113.44312,58.51506,121.50495,21.25874,34.50521,two
110.43119,47.53355,103.50898,23.33109,39.76156,two
111.64721,50.87662,92.437,28.42411,47.91821,two
111.40951,52.75408,112.49192,18.49844,36.24749,two
117.437,61.86465,123.2411,21.99907,34.52116,two
115.21354,58.6476,123.69128,21.78344,35.78168,two
115.10059,59.35534,125.6098,19.35088,34.39667,two
117.7637,63.68708,129.51491,18.64804,28.64776,two
119.51214,61.87216,129.52629,16.81864,30.81905,two
115.12718,51.58256,135.98587,16.64091,34.28741,two
117.19633,56.62029,131.89085,17.76743,38.76028,two
116.7148,55.8437,132.98973,17.85406,39.24226,two
117.04115,56.34993,132.91924,17.40802,39.32352,two
116.39417,55.50101,133.78497,17.68326,38.1959,two
116.28186,55.71787,133.36166,17.71122,38.15878,two
116.45377,56.25082,133.71518,17.71828,38.09732,two
116.38058,56.0503,133.46579,17.61894,38.37495,two
116.4398,56.01944,133.51279,17.68176,38.44068,two
116.75607,55.67992,134.06233,17.73248,38.21081,two
116.92733,56.28498,134.44684,17.81077,37.97957,two
110.27091,45.57221,119.44293,19.56619,32.61855,two
109.53993,41.35695,120.59646,19.75143,32.04454,two
109.49623,45.73346,121.62419,17.95438,35.32525,two
108.56464,44.43606,121.00424,19.0217,36.3283,two
108.73354,44.21585,120.26077,20.48011,33.98413,two
107.71951,40.08504,117.00509,21.67391,30.62282,two
109.3168,44.55286,120.51977,17.52222,34.01018,two
110.24512,43.62363,119.71731,17.38194,34.2715,two
110.19392,36.44497,121.94545,19.07159,29.65407,two
108.50797,35.78497,122.72592,20.5102,29.75812,two
108.3312,53.96196,121.43599,15.65937,28.78703,two
107.94325,53.78203,121.45181,15.59375,28.74742,two
108.06748,54.09023,121.60697,15.64184,28.68942,two
107.6133,53.74393,121.05908,15.63183,28.5418,two
107.93702,53.87542,121.42799,15.70015,28.35785,two
107.92579,53.88494,121.18671,15.72183,28.45909,two
107.94608,54.05519,120.92354,15.72631,28.58474,two
106.99227,53.89611,121.4725,15.58522,29.20274,two
106.89339,54.67265,121.6923,15.63016,29.79279,two
107.63122,54.93183,121.98714,15.66619,30.13896,two
109.62902,50.1484,118.55379,15.79343,173.04343,two
109.41381,48.70501,118.62331,15.70233,171.6934,two
109.46059,50.12424,118.6399,15.86447,171.63231,two
110.11845,51.0137,118.68653,15.89964,171.68962,two
109.41662,50.7687,118.85869,15.95101,171.47221,two
110.03252,50.2939,118.64126,16.17836,172.24331,two
110.07711,50.62091,117.95802,16.16951,172.19759,two
110.36802,50.94825,118.71614,15.78183,172.70322,two
110.6012,49.5324,119.40705,15.85593,172.14368,two
110.0132,50.46283,118.2666,16.01867,171.89959,two
85.86398,37.06431,109.97449,15.23216,147.31404,two
84.61293,39.24467,106.06435,15.10372,148.16499,two
86.1195,39.93524,110.42028,14.78805,145.0971,two
85.82194,38.71703,110.66553,14.8714,148.31377,two
84.64668,39.44804,109.58734,14.34364,149.1159,two
85.08451,41.04226,111.33029,14.31275,149.72085,two
84.09724,39.16777,108.00587,14.32,148.46084,two
87.05355,40.54124,113.02021,14.692,147.12542,two
86.52164,39.35888,112.51789,14.18111,149.74811,two
87.8005,39.10351,114.68331,14.42818,149.34605,two
98.88926,58.83688,98.72038,13.61048,163.64665,two
97.84737,59.08299,99.24136,13.49655,163.31052,two
97.78325,58.21458,100.81409,13.69777,162.42552,two
97.51804,56.69558,102.74264,12.96584,161.18864,two
96.68578,57.65152,102.45013,13.03359,160.79862,two
98.55376,59.11043,101.021,12.96035,162.2726,two
99.64684,58.63998,101.297,12.71237,162.26612,two
99.6999,58.75576,101.11536,12.55042,162.71785,two
98.65318,58.04489,102.78567,12.66092,161.43775,two
95.47583,55.6119,100.51432,13.16154,159.66506,two
106.81909,50.57536,101.05621,12.3305,169.42189,two
107.0629,49.42249,102.89505,12.36213,169.90938,two
106.30096,50.64428,102.49804,12.39981,169.23124,two
107.10693,53.10307,101.75702,12.3526,167.0564,two
107.42073,57.25283,99.58299,12.13083,167.06723,two
109.75854,58.62652,107.9369,12.35898,169.96336,two
108.79988,58.3875,105.24331,12.59702,166.85252,two
108.17523,58.15282,105.37005,12.58543,166.90375,two
109.3735,58.75743,107.12109,12.29523,168.11157,two
109.2628,58.31734,107.50993,12.24551,169.00957,two
91.24879,42.50299,117.73859,29.76207,144.27115,two
92.33646,46.43861,114.2681,31.66744,145.71136,two
92.38599,47.09336,116.17265,23.42829,144.29862,two
92.35963,46.48166,116.32195,16.32384,143.02678,two
91.99148,49.43434,118.54432,17.43651,142.99317,two
92.60976,49.84644,119.49245,16.97088,142.74515,two
93.69128,50.76314,120.79881,16.10831,142.89171,two
94.76672,47.82705,119.43816,13.15999,144.70276,two
96.19465,48.83244,120.65835,14.2086,146.15229,two
95.48908,51.51225,121.65259,14.35095,147.09991,two
26.83863,89.95815,40.74059,42.84245,161.76597,three
26.43904,89.89744,41.05725,43.36579,162.13667,three
26.77605,89.22025,41.06997,43.34328,162.54984,three
27.58005,88.59019,40.34001,43.45023,162.59988,three
28.57688,89.12803,40.15889,43.586,163.34329,three
29.98556,89.15779,40.4556,43.75844,164.06577,three
28.72195,89.26524,40.26112,43.37698,163.60561,three
29.63981,88.77539,40.27309,43.71809,163.6755,three
30.99654,87.32386,40.13627,43.79496,164.33827,three
34.40662,85.41219,41.51425,44.10386,165.61059,three
26.44936,83.32408,39.12869,46.87254,166.8071,three
25.47683,85.01122,38.92051,45.58069,167.08878,three
26.41525,82.11965,38.50595,44.39799,167.44553,three
25.32349,84.42913,38.50592,44.90229,167.77637,three
25.97087,83.43173,38.54646,44.6228,168.06708,three
25.896,82.47767,38.25972,44.45344,167.94853,three
25.5311,83.82881,38.44339,45.14582,167.84786,three
26.31196,81.5164,38.19927,44.68484,168.21465,three
28.24829,78.62684,38.06712,43.96478,168.36063,three
28.37693,78.94944,38.25132,43.80954,168.56462,three
34.21185,85.26574,44.54171,52.37743,13.41705,three
34.4839,85.99761,44.52287,52.33231,13.61069,three
34.46052,85.97749,44.52393,52.36971,13.66656,three
33.79615,86.53986,44.49613,52.33646,13.49953,three
33.64591,88.1635,44.44291,52.33921,13.5047,three
33.56754,87.81152,44.37872,52.39531,13.46851,three
34.3676,86.27389,44.58247,52.6029,13.75563,three
33.66442,87.119,44.44401,52.63206,13.75843,three
34.58403,84.42718,44.69495,52.79643,14.30405,three
33.55616,85.73355,44.53225,52.60212,13.8566,three
45.26633,82.4219,41.75322,50.04775,23.4507,three
46.32469,84.0851,41.27708,50.0251,23.28056,three
45.82576,84.91402,41.12843,50.39007,23.16198,three
45.07523,84.6132,40.98824,50.47791,22.98335,three
44.97535,83.42268,41.26585,50.88985,22.29603,three
43.36599,82.81736,41.27579,50.85796,22.39285,three
41.9968,82.11847,41.31398,50.75347,22.43266,three
41.05963,81.35477,41.37822,50.82841,22.5222,three
42.85178,80.0604,40.43451,51.49588,22.7354,three
42.901,82.87519,40.74521,51.78501,22.62776,three
33.49686,105.24763,39.13467,56.03053,165.67363,three
33.64193,105.00436,39.41798,55.49122,165.53015,three
34.23075,104.20646,39.41655,55.51864,165.6577,three
35.05527,103.10889,39.55945,55.79215,166.26387,three
35.36445,102.61422,39.54882,55.81115,166.55278,three
34.74836,101.93388,39.99916,54.75943,166.22575,three
35.71778,102.94621,40.55843,53.96912,165.82492,three
34.9326,101.86395,40.5602,53.74326,165.18467,three
34.09704,101.36864,40.39074,53.44689,164.96328,three
33.48331,100.30132,40.89439,52.41454,164.44868,three
30.45631,79.58659,37.57106,45.22382,139.28993,three
33.82723,71.90154,37.64629,45.32304,138.99749,three
33.12897,71.47317,37.7613,45.52772,139.40098,three
33.16945,70.45161,37.73865,45.95029,140.04583,three
33.41356,70.54274,37.90648,46.15601,140.27789,three
33.81135,70.53847,37.88097,46.23119,140.0567,three
33.65681,70.96737,38.01919,46.28683,139.73029,three
33.79059,70.87604,38.03389,46.38665,139.66472,three
32.43644,71.79439,37.85153,46.35682,139.92974,three
33.10828,71.83268,37.95397,46.36557,139.65547,three
34.74631,93.04652,37.5173,46.09791,126.40787,three
33.88704,96.89767,37.75088,46.17379,127.2679,three
33.81051,96.56825,37.75172,46.19229,127.56419,three
33.9158,96.8087,37.71454,46.09832,127.84366,three
34.14362,96.19382,37.7331,46.02063,127.67763,three
33.77424,96.14371,37.67751,45.9758,127.82848,three
34.22528,96.30633,37.76681,46.10001,128.29112,three
34.14323,96.45776,37.93819,46.43742,128.66758,three
33.9656,96.00509,38.00507,46.2205,128.42664,three
33.61658,95.90048,38.13599,46.28727,128.30513,three
29.99168,89.56708,39.04393,44.83654,130.47303,three
28.09205,91.5144,39.7467,44.40277,130.14927,three
31.54484,90.4893,39.22079,44.91626,130.58824,three
31.18492,90.51459,39.62388,44.75273,130.81408,three
31.24956,90.53002,39.46492,44.751,130.80626,three
31.54538,91.0499,39.08516,44.81873,130.84458,three
31.38691,90.9026,39.22492,44.78647,130.86372,three
31.47168,90.22666,39.595,44.84904,131.0585,three
31.5431,90.2025,39.47413,44.827,131.14675,three
31.63646,90.58314,39.31489,44.85571,131.2252,three
27.53189,67.4229,41.93827,46.64293,167.73021,three
25.07816,67.79586,40.93043,45.99936,168.00224,three
25.61291,67.22785,39.17155,45.24718,166.78082,three
25.98754,67.53918,35.37813,42.03635,163.87189,three
24.61595,72.62877,38.21959,43.54354,166.87327,three
27.30437,80.60689,42.39806,45.63431,161.04937,three
24.73392,79.36919,38.50676,45.8717,155.91233,three
25.38323,82.12111,42.9744,49.02983,150.19325,three
21.88707,82.0706,42.33899,46.31382,149.0059,three
21.32747,84.68775,41.98103,69.8685,147.17899,three
27.0896,108.85632,39.46172,48.86563,148.95649,three
29.6474,110.30805,41.0705,47.67772,147.75672,three
30.29253,115.3883,45.48493,51.46687,146.40621,three
28.63153,110.07931,45.9038,50.51719,146.40176,three
27.55566,114.14487,44.44928,50.03559,146.11865,three
26.63166,109.35508,42.14756,46.62788,146.16038,three
29.14593,111.5475,43.12857,47.50585,146.40901,three
29.8824,111.98764,43.5356,47.14586,146.44686,three
30.5941,111.77966,42.81038,47.97129,146.33546,three
30.01043,111.77929,42.19891,48.5578,146.31073,three
20.99298,93.09248,41.7761,45.04322,144.76001,three
21.31004,91.68686,41.71068,44.65516,146.00446,three
20.68619,92.28528,41.67352,44.69998,146.04235,three
21.38706,90.52644,40.75516,44.33943,146.8393,three
19.56085,94.03485,41.33048,44.27126,146.54512,three
19.14439,94.49905,41.41901,44.34803,145.89287,three
20.41487,92.69908,40.93079,44.71393,145.99801,three
20.96718,92.55478,40.91585,44.95213,146.10399,three
18.3301,95.82489,41.38391,44.92407,145.31861,three
21.76055,90.38486,40.49305,44.61306,146.50787,three
12.30168,98.93774,36.66872,48.62376,31.59529,three
11.63169,98.29771,36.96519,48.46669,31.50722,three
12.16152,98.54651,36.80872,48.43316,30.67793,three
12.39291,98.42169,36.83353,48.72722,30.50244,three
13.48314,98.73919,34.51162,45.8656,30.35093,three
18.50777,93.23698,35.11765,47.16631,29.60633,three
19.94254,93.75549,34.68718,47.07125,30.25609,three
18.91885,93.70516,34.38964,46.32101,29.65643,three
16.91825,95.43261,36.29527,48.69364,28.75996,three
19.16126,95.69517,34.75091,47.92656,26.37085,three
23.11331,107.74895,34.6317,41.35791,23.23225,three
24.46528,108.33363,35.02031,40.71268,22.51043,three
24.42806,108.49494,34.80378,41.27986,22.61074,three
23.52103,107.63237,35.01712,41.35635,22.2362,three
20.42158,108.1286,35.20547,41.85978,21.16763,three
19.84639,108.47067,35.16393,42.2832,21.03231,three
19.17064,107.69847,35.23903,42.40793,20.64389,three
21.12614,107.94842,34.79875,42.21266,21.15632,three
21.90914,108.51233,34.96599,42.25016,20.76461,three
21.23818,108.56532,35.37835,42.19769,20.13759,three
25.82497,66.6066,40.30192,46.62871,44.95594,three
27.65772,62.35725,41.53179,46.74849,44.87491,three
25.76919,67.50029,39.30946,47.06033,44.05116,three
24.49028,68.09418,39.44888,46.58467,44.17698,three
24.48381,69.17407,40.81938,46.94856,45.68606,three
19.86478,76.90108,39.10119,46.41768,45.53047,three
23.07656,71.69121,41.65666,46.72432,51.87482,three
28.68155,66.20052,42.54504,47.17429,68.6785,three
19.34956,75.95979,44.76519,45.97614,78.77273,three
12.67117,86.28123,41.4182,44.29747,86.03769,three
11.06699,88.50398,41.1979,45.11753,92.12272,three
11.07878,88.88721,41.2883,44.96145,92.71626,three
11.12767,89.4539,41.12098,45.05105,92.72372,three
11.62254,88.87192,41.27011,45.23148,92.64169,three
11.2424,88.50842,41.35516,45.07853,92.68644,three
11.45483,88.77825,41.40554,45.21487,92.83444,three
10.92527,88.39883,41.77401,44.99134,92.9004,three
11.14794,88.9092,41.28413,45.06047,92.69447,three
11.45251,88.87949,41.32402,45.12049,92.78395,three
11.48138,88.52074,41.3443,45.12019,92.74553,three
15.00565,73.8003,48.93696,46.28851,96.46292,three
16.51707,72.46369,48.03123,46.48001,96.17643,three
15.41336,67.05917,51.68839,46.08269,95.97649,three
16.78891,70.44215,49.58929,46.59533,96.31474,three
16.61315,72.78267,47.12855,46.60667,96.51305,three
15.84883,76.22415,45.30887,46.44886,96.89152,three
15.23384,74.50895,47.03209,46.42497,97.06296,three
15.8311,74.37535,46.57137,46.76989,97.2102,three
15.5473,70.3787,48.07158,46.14431,97.0624,three
14.90223,74.61641,45.51072,46.31635,97.56036,three
20.0017,89.51793,35.42895,38.96009,166.47719,three
19.8358,88.68391,35.34845,38.81821,166.91869,three
20.20164,88.53067,35.2651,38.73888,167.27941,three
20.51299,86.38059,35.09351,39.01775,167.01601,three
19.52317,88.85677,35.51389,38.92072,167.66949,three
20.01456,90.16528,35.73854,40.74553,168.92529,three
19.69049,89.27441,35.64117,39.71473,168.97023,three
20.92861,85.2795,35.10712,38.70104,168.17565,three
21.17828,84.68043,35.1136,38.44589,167.61179,three
19.45551,89.75961,35.64233,39.88577,168.61665,three
21.13004,78.4481,36.61921,38.65363,174.5523,three
20.48109,81.81043,38.9058,39.17955,173.48732,three
21.52375,79.14156,37.42517,38.73294,173.60027,three
22.58917,76.01773,36.99469,38.27515,173.75863,three
20.13828,81.57659,38.25799,39.0542,173.46265,three
21.8385,79.72189,38.28564,39.30247,174.09737,three
21.86383,78.29463,38.37799,39.21552,172.90359,three
21.56851,78.13251,38.78072,39.00545,172.2017,three
21.47901,79.86286,39.05892,38.77273,171.76905,three
21.54131,79.39684,38.67448,38.79311,172.58769,three
13.16555,89.23315,35.54666,48.14931,29.92981,three
13.81273,87.96272,35.67354,48.26213,30.31288,three
15.74045,84.34385,36.06157,48.1715,30.59911,three
15.23639,82.23268,37.23446,48.35659,31.15777,three
19.52418,85.8069,35.72028,48.41603,32.28815,three
18.13792,84.77676,36.32954,48.34811,31.95289,three
15.77926,82.944,36.54585,48.38508,31.16808,three
19.92604,86.27346,36.08245,48.65412,32.27776,three
19.83021,85.64401,35.84502,48.71843,31.90848,three
22.25686,82.25705,36.20314,48.70567,30.73981,three
25.46367,69.34201,37.97836,45.66792,110.58274,three
25.77758,71.02116,38.24583,44.66106,111.13455,three
27.70372,69.57704,37.47383,44.54972,110.73888,three
27.22484,68.0176,37.06836,45.60417,111.10938,three
26.91093,68.35475,36.95754,45.66605,110.85774,three
24.47937,68.66667,36.40285,45.71202,111.36701,three
23.70458,68.79346,36.63587,45.68695,110.81433,three
24.91514,68.33315,36.37348,45.30081,111.20899,three
26.80191,65.45716,36.44214,45.54609,111.70025,three
26.65192,66.03822,36.60468,45.87408,111.15485,three
102.87048,50.31304,44.14407,46.78901,155.37989,four
110.5462,50.90771,43.36976,51.79726,156.15,four
105.758,50.20942,46.22676,47.87952,155.78996,four
106.62086,49.13559,43.7178,50.90843,156.16868,four
104.65417,49.75776,47.0787,47.95461,156.62294,four
100.88065,47.55444,48.12129,46.62833,157.059,four
101.04919,49.19887,46.64946,49.56243,155.64291,four
97.00836,49.06192,45.42921,49.20914,155.96171,four
121.81831,50.36628,43.03514,51.49091,156.95527,four
116.86813,51.77237,43.52904,50.94244,157.11365,four
93.42245,45.47319,42.51319,43.37942,157.42792,four
93.09814,45.92012,42.40087,43.28893,156.78195,four
92.47432,45.68921,42.21351,43.24723,157.77245,four
93.85478,46.28615,42.31714,43.61237,158.39232,four
93.86813,46.36625,41.02113,42.84745,158.28107,four
96.05846,46.49651,40.44268,43.16496,158.85174,four
96.44344,46.58772,40.793,43.5435,158.66044,four
95.18697,46.678,40.46992,43.11999,158.80208,four
95.06035,46.14105,41.20891,42.98425,158.24047,four
97.78133,46.00967,40.60394,42.84243,158.4514,four
92.4353,42.07592,40.54837,42.71619,137.35281,four
91.80533,41.98699,40.52835,42.51958,138.04521,four
91.82829,42.07696,40.46577,42.46941,138.25961,four
91.87244,42.37202,40.44438,42.67031,137.6742,four
90.58481,42.33192,40.43757,42.78486,137.557,four
91.90862,42.13274,40.04171,42.36348,137.56924,four
91.0844,42.18593,40.14558,42.51642,137.50262,four
89.31434,42.57988,40.11673,42.67091,136.96275,four
90.40212,42.564,39.85109,42.24509,136.60527,four
90.17332,41.82444,39.25674,41.82564,136.84963,four
80.56495,54.63855,44.38789,46.36395,139.81946,four
80.78723,55.03982,44.43193,46.54619,139.8215,four
80.85194,54.35118,44.39953,46.39161,140.31579,four
81.48642,54.36517,44.31525,46.31829,140.25071,four
83.67157,54.61916,44.20118,46.28104,140.35222,four
81.96254,54.01923,44.46011,46.24191,140.84776,four
81.84863,53.61834,44.62558,46.21321,141.14553,four
83.88249,53.53581,44.61135,46.5496,141.81791,four
85.23827,52.97972,44.07118,46.25593,142.02907,four
97.57305,48.30453,43.37069,48.72845,151.17259,four
74.73354,42.2169,42.07727,43.28469,163.12686,four
74.9193,42.42157,42.78199,43.32871,163.44322,four
75.13914,41.99462,42.87814,43.43635,163.99448,four
74.8412,41.51588,42.39312,43.34682,164.71018,four
74.80067,41.6508,41.96864,43.50337,164.71421,four
73.88154,41.71564,42.06928,43.34762,164.51758,four
72.99637,42.30361,41.51122,42.8742,163.64957,four
73.55755,42.73563,41.13597,42.61686,163.369,four
72.84483,42.46107,40.94281,42.62957,164.09569,four
74.09843,42.64657,40.90269,42.86414,163.71436,four
92.05734,44.37722,41.57512,42.71785,164.19665,four
92.16632,44.45336,42.01571,43.07158,164.52515,four
92.05398,44.31078,40.53889,42.93379,164.42563,four
92.13692,44.14096,39.84574,43.10747,164.3295,four
92.23569,44.10204,40.49995,42.91855,164.07882,four
91.94434,43.78645,40.91359,42.66277,163.67405,four
91.63113,44.13793,41.354,42.65209,163.70778,four
90.9016,44.20499,41.00433,42.57175,163.66308,four
90.63549,42.26074,39.17149,42.88415,163.08372,four
92.25202,41.57082,36.04785,43.52946,164.23053,four
93.14671,43.08523,36.11088,43.85864,163.84575,four
92.56073,43.08106,35.92096,44.03377,163.63065,four
92.24142,43.09232,36.14746,43.85197,163.5301,four
92.2597,42.9967,35.93338,43.95301,163.23251,four
93.03197,43.42385,36.0334,44.06242,163.13125,four
93.02102,43.24968,36.26562,44.56635,163.12366,four
92.85178,42.1851,36.34646,44.3104,163.4602,four
92.93376,42.14032,36.08447,44.1055,163.52728,four
92.86086,42.30159,36.33351,44.18226,163.56268,four
91.06689,40.65807,36.41691,44.46022,162.80096,four
99.97324,46.28296,43.31749,44.28858,140.59287,four
101.09773,46.33587,43.62103,43.9402,141.07192,four
102.19853,46.51534,43.53223,44.12066,140.84551,four
101.18163,46.38037,43.47306,43.64867,141.59983,four
98.87053,46.25227,43.51047,43.54253,142.6688,four
100.78836,46.57942,42.91619,43.20919,143.01494,four
102.99844,46.5408,43.23448,42.97457,143.51416,four
99.28994,46.10115,43.17412,43.77016,143.28174,four
101.22765,46.21954,42.90493,43.66446,143.76499,four
101.64365,46.5118,42.96012,43.13174,143.98903,four
88.54858,46.91519,44.40452,48.39559,172.62962,four
84.13763,45.53273,44.23989,47.99228,172.81327,four
86.10389,45.83178,44.48124,48.45251,173.29325,four
85.44968,45.44381,44.60527,48.01868,173.05119,four
85.85728,45.74839,44.74049,48.07198,173.14732,four
86.60734,46.56511,44.2271,48.329,173.36389,four
85.76586,46.38441,44.13493,47.10875,173.91537,four
84.46748,46.27541,44.67825,48.03908,172.64489,four
86.18922,46.60888,44.92386,47.78721,171.75218,four
83.40167,47.34736,45.61293,47.29117,171.0899,four
102.04902,52.15836,46.26688,33.20417,169.8313,four
102.30176,52.2477,45.31707,33.22442,170.28957,four
101.42964,51.80646,45.66742,33.29946,170.14274,four
103.04345,52.544,47.45419,32.86719,170.47966,four
101.9205,52.44694,44.67831,33.66174,169.79062,four
100.04636,52.1978,42.34435,37.57674,168.66685,four
99.57851,51.90033,41.75467,38.72619,166.04355,four
93.56165,48.80105,40.56916,37.05898,162.05441,four
89.90223,44.41911,37.26149,38.34528,158.29317,four
89.65959,43.25639,35.05777,38.18101,155.22655,four
88.31299,47.26013,38.9038,34.99603,161.08533,four
90.1491,47.3175,39.10793,36.34507,161.11505,four
89.15918,47.26355,39.06152,36.04829,160.77901,four
91.78814,42.91572,37.75439,37.9383,162.37392,four
86.60357,42.5633,34.25213,37.69887,161.30885,four
88.34277,49.04174,40.41846,35.96666,159.85819,four
87.71572,50.03259,40.34999,35.3812,159.54562,four
83.47852,41.57696,38.70759,30.63985,159.10923,four
73.5022,38.23924,36.88587,47.31162,152.87941,four
72.93596,29.02933,29.96689,39.41092,167.12948,four
104.97221,46.46917,35.26932,40.48932,169.61376,four
104.28637,46.2155,34.75463,39.54954,169.03855,four
106.64798,46.16614,35.68495,39.6882,169.57685,four
107.64241,46.07685,35.72351,39.47079,169.95237,four
107.59218,45.65406,35.60437,39.07863,170.5646,four
112.35918,46.37287,34.40536,39.01663,171.56788,four
104.60786,46.65594,34.82699,35.86678,172.40748,four
111.44842,47.33866,48.18903,38.18272,172.95845,four
113.03709,48.00617,49.0876,39.06158,174.42037,four
114.40162,48.05964,55.21613,40.0887,174.7743,four
110.44174,48.93578,45.09869,40.81538,174.33815,four
109.50869,49.43298,45.23131,42.04107,174.20526,four
107.47866,49.19622,45.12416,41.88278,174.33216,four
106.91557,49.53,45.17307,42.21256,173.71269,four
107.3964,49.51881,45.26847,41.94685,173.45864,four
108.87273,49.72773,45.49006,42.26948,173.66077,four
108.58257,49.7382,45.63748,41.92108,173.79474,four
110.6206,49.85649,45.74585,42.04616,174.07827,four
110.6988,49.9663,45.80846,41.54015,173.68086,four
109.57366,49.64545,45.5352,41.24611,173.67278,four
104.90395,52.94196,43.48141,45.06747,163.55985,four
107.74734,53.20121,42.80109,44.3607,163.84829,four
104.2868,52.52756,42.81234,42.01644,163.93369,four
103.96546,51.58915,43.21558,42.1956,164.27385,four
105.68134,52.79252,42.74382,42.13634,163.91622,four
106.3679,53.37568,43.06341,43.89251,163.87971,four
106.50627,52.91222,42.45175,41.63412,164.4301,four
107.19807,53.22281,42.47787,42.30742,164.00645,four
104.09637,53.03988,42.8154,44.81278,163.69346,four
104.78183,52.51817,42.67566,44.79588,163.999,four
92.27549,45.48185,38.70451,38.59656,170.16903,four
91.68726,45.33366,36.82198,39.5369,169.12793,four
89.68217,44.72543,37.24621,39.05026,168.37795,four
88.61635,44.06585,37.66663,38.87235,168.55647,four
90.41027,43.65017,37.67114,39.31197,168.37597,four
92.42746,43.66432,37.96188,39.21059,168.35358,four
94.57314,44.13513,38.65583,39.68353,167.85712,four
94.46011,44.62564,39.40244,39.88235,168.35855,four
94.24632,44.76046,39.02962,39.75048,168.62978,four
94.02074,45.15271,37.77361,39.76775,168.54295,four
84.63348,45.55243,37.03227,38.79253,167.78327,four
83.87695,45.06633,39.08463,37.74379,167.37314,four
83.73479,45.11799,39.38411,38.45421,167.55817,four
83.10928,45.31123,40.32278,37.95494,167.31431,four
84.67965,45.18158,38.52802,37.2208,167.42173,four
85.35356,45.7382,38.58529,35.52314,167.3644,four
85.26093,45.9614,38.01682,35.73117,167.24605,four
86.72816,46.95354,39.09226,37.29863,167.77627,four
86.81152,46.77448,38.75485,36.54919,167.89333,four
85.69216,45.5077,36.90767,36.88968,167.3775,four
79.02246,38.91986,38.71615,41.62885,163.97894,four
77.96397,38.27987,38.78851,41.72309,164.24152,four
76.76466,37.82126,38.884,42.01294,164.57255,four
76.75082,37.77575,38.86426,42.04794,164.63627,four
77.54323,37.80807,38.71246,41.76888,164.30576,four
79.4029,38.34114,39.14275,41.87704,164.37245,four
79.53273,38.42491,38.88888,41.74207,164.28179,four
78.11091,38.00799,38.68364,41.67377,164.16103,four
76.13353,38.01544,38.42536,41.22031,164.74834,four
75.95044,37.8463,38.83809,41.5286,164.62952,four
105.5461,44.40847,40.81895,44.15398,159.96418,four
104.78527,44.832,41.35347,43.5982,159.91336,four
103.90667,44.48636,40.94228,43.08777,160.17087,four
103.46497,44.4628,40.81433,42.87746,159.34442,four
103.76213,44.36389,40.89835,42.7464,158.87211,four
104.40459,44.46825,41.04286,42.79322,158.56255,four
103.78854,44.02131,40.61848,43.0881,158.89009,four
104.31262,44.15867,40.8092,43.07049,158.5871,four
104.03843,43.90234,40.63326,42.9739,159.02079,four
104.55797,44.24216,40.87449,42.99162,158.58539,four
109.26896,44.04885,37.93887,40.90178,176.17076,four
111.53188,44.15125,38.35748,40.42331,176.20563,four
111.52099,44.06939,38.07536,40.86702,176.37804,four
111.22491,44.30361,38.42768,40.59583,177.05563,four
110.82022,44.56872,38.53397,40.14092,176.97508,four
110.3859,44.82023,39.10808,39.50768,176.37972,four
110.41924,44.76184,38.85094,39.58549,176.11223,four
110.78362,44.94976,38.90074,39.55486,176.33938,four
111.66151,45.62498,40.22446,39.04145,176.32662,four
112.17056,45.7135,40.49426,38.71344,175.59087,four
84.51965,50.23835,42.80021,47.36562,163.8297,five
85.57431,48.67524,42.44176,47.47984,163.39284,five
84.3103,48.59612,42.56418,48.66843,163.1362,five
83.56815,49.44751,42.78251,50.09323,164.02212,five
84.38751,48.71075,42.58305,49.76228,163.56664,five
92.17831,53.40865,41.37082,49.16917,165.99048,five
94.4011,56.97542,44.93632,53.68683,159.90624,five
93.77096,56.02213,44.50184,53.29396,160.67101,five
94.1462,55.21045,45.18596,51.66565,160.83343,five
93.35899,54.34669,44.9987,51.42128,161.2957,five
92.74281,56.75679,42.31158,51.53489,159.33867,five
92.35766,56.92922,42.22263,51.67381,159.57113,five
92.18688,57.16236,42.20569,51.85663,159.81439,five
92.08472,56.96112,42.23029,51.82675,159.80258,five
91.72473,56.69094,42.13082,51.69459,159.71344,five
90.83464,56.50325,42.40405,51.85869,159.77793,five
91.01556,56.63439,42.67178,51.90316,159.86588,five
90.80656,56.45794,42.56671,51.65253,160.06693,five
90.63268,56.38606,42.52792,51.51741,160.16199,five
90.09801,56.73345,42.94562,51.5881,160.16765,five
94.10684,45.27813,37.8666,46.42296,154.89366,five
93.31699,46.49839,39.16879,46.72825,154.47652,five
94.96981,46.22537,39.46898,46.31344,154.70083,five
95.33327,46.741,39.02814,47.13725,155.12096,five
96.09367,46.20453,39.13783,47.00596,155.2729,five
97.61459,46.83597,39.25034,47.00994,155.80567,five
97.23421,46.59361,39.52502,46.70829,156.12291,five
97.05484,47.67468,39.4882,47.08632,156.4323,five
97.22715,48.09128,39.47647,47.5469,157.56875,five
93.80001,46.99576,39.71059,47.32796,156.50676,five
101.32504,45.5352,38.48206,45.59026,166.84783,five
100.54141,45.09138,38.60284,45.19196,166.58928,five
101.90485,42.96794,36.38898,46.73888,168.71865,five
101.9439,43.66776,37.11753,46.73114,167.45291,five
98.93578,44.94537,38.23444,45.51222,165.54618,five
99.54895,45.71478,38.02937,44.63546,165.9379,five
99.10417,45.65654,37.7437,44.65929,165.81164,five
97.89979,45.78917,38.43563,44.84255,166.1939,five
98.13851,45.39965,38.42588,44.95874,166.01783,five
100.07929,43.73479,37.07039,47.43271,168.34384,five
94.25858,44.97871,39.46508,48.68544,175.63687,five
92.23691,44.70599,39.30323,48.21085,175.80479,five
92.86136,44.8322,39.18105,48.83932,175.67577,five
93.05426,45.09528,39.30381,48.2581,175.41554,five
93.45676,44.93966,39.36264,48.61075,174.87046,five
92.84374,45.18945,39.41396,48.3638,175.3967,five
92.9785,45.05346,39.31545,48.6183,175.23798,five
93.07771,45.15986,39.12292,48.91673,175.18916,five
92.7851,45.03326,39.20075,48.72103,175.23042,five
93.20267,45.08791,39.00017,49.08032,175.36414,five
80.07936,50.65044,46.0351,50.60616,153.79633,five
79.90022,50.7592,45.82274,50.58242,154.02713,five
80.36317,50.92651,45.82333,50.4273,153.58003,five
80.77496,50.88437,46.02485,50.62911,153.67972,five
81.44138,50.99545,46.03442,48.12463,153.67833,five
80.65255,51.70367,46.40024,48.62971,154.21742,five
79.04714,51.43723,45.76591,48.84689,153.67555,five
79.86116,53.09897,46.42896,48.87199,152.6775,five
78.99525,53.7858,46.46394,48.90664,152.18411,five
78.10848,56.33215,44.4503,47.02067,151.89323,five
66.78517,53.44926,39.19099,43.43765,150.25612,five
66.99003,53.98876,39.58681,43.0589,150.37079,five
67.34369,53.99633,39.88186,42.99531,150.79403,five
67.00888,54.04889,39.8834,42.95254,150.65097,five
67.25841,54.1521,39.71524,43.39511,150.86954,five
67.55496,54.2576,39.54833,43.63921,150.68523,five
67.40524,54.24137,39.72379,43.39859,150.87037,five
67.66895,53.69505,41.33778,44.06405,150.35219,five
66.42738,54.62677,39.93706,42.80991,150.09606,five
66.2327,54.43091,40.28762,42.80016,150.60406,five
72.44654,44.47225,40.25446,44.87777,148.01595,five
72.37554,44.33431,40.2741,44.77364,147.99901,five
72.11895,44.81015,40.09763,44.47219,147.28378,five
71.7403,44.83129,40.20047,44.60528,147.44104,five
72.23859,44.72389,40.25542,44.656,147.61011,five
72.65351,44.572,40.14537,44.94822,147.80651,five
72.76673,44.39953,40.33576,44.71988,147.79387,five
71.65314,46.27084,41.9595,45.80755,149.7144,five
72.04549,45.57632,40.93024,45.03293,148.7015,five
72.61843,44.30101,40.73895,44.68668,147.75046,five
94.85368,50.29437,51.52591,51.50186,149.49858,five
94.82076,50.20364,51.67297,51.6873,150.11674,five
94.35663,50.51229,51.68803,51.71384,150.35517,five
93.24932,50.90181,51.49095,52.13712,150.50942,five
93.69918,50.82033,51.13955,52.03514,151.16255,five
93.45364,50.69181,50.54004,52.50518,150.88048,five
94.24957,50.99572,49.86171,52.97261,151.04387,five
94.99254,51.49346,49.57666,52.84141,152.50218,five
97.38548,52.54366,47.42065,52.83074,155.87792,five
96.70821,52.52748,47.78867,52.63037,155.5738,five
97.75884,56.25639,43.93458,52.07929,162.81346,five
98.74851,55.69535,43.88327,52.13456,162.87917,five
100.83815,54.93406,43.65134,52.29573,162.69347,five
100.09448,55.35035,43.53762,52.43406,163.06997,five
98.51264,55.09172,43.72274,52.29367,163.11352,five
95.96324,57.05582,43.78651,52.72102,163.50547,five
96.92695,55.98095,43.63759,53.54155,163.34272,five
98.14694,55.05397,43.67768,54.63625,162.92158,five
97.02844,55.92826,43.66625,54.18282,162.7924,five
98.29797,54.70724,43.95891,51.3961,161.08459,five
91.97407,50.93805,43.38065,61.2308,9.97445,five
91.9433,50.07246,42.51158,60.89997,9.10349,five
88.76604,51.61594,41.94878,59.24059,10.42551,five
90.06063,51.92415,40.70179,58.33828,10.3647,five
92.08585,50.9611,42.26997,61.93068,9.47359,five
92.76924,50.65117,41.94362,61.14994,9.44261,five
94.22817,50.11441,41.59841,60.9365,8.87854,five
92.19409,51.92841,41.39829,59.12934,9.76859,five
90.62713,52.63372,40.99714,58.55332,9.98548,five
91.65665,52.41253,41.72992,58.85763,9.74372,five
94.4065,54.46276,42.16471,49.55477,11.04798,five
94.37174,54.52357,42.33961,49.17651,10.85086,five
94.01349,53.82474,42.63828,49.44283,10.59117,five
93.79671,53.36796,42.48504,49.61484,10.06007,five
94.09108,53.21061,42.58191,49.71681,10.02927,five
93.81149,53.0132,42.65103,49.97041,10.01832,five
93.65366,52.77362,42.73401,50.13577,9.99296,five
93.84375,52.75356,42.58764,50.03857,9.9572,five
93.65477,52.84871,42.81875,50.40023,10.33243,five
93.39845,52.42535,42.59924,50.43614,9.90822,five
86.14924,51.52026,40.20436,53.19683,16.98675,five
86.30202,51.22687,40.12742,53.04715,16.6888,five
86.48705,50.8268,39.78178,53.08424,16.62955,five
86.89574,50.2298,39.58293,53.07782,16.42532,five
87.17145,50.17994,39.35167,53.29971,16.19995,five
86.9826,50.29602,39.5199,53.38955,16.14342,five
87.20555,51.12551,39.70976,53.82322,16.57934,five
87.34059,50.49315,39.46592,53.90609,16.42684,five
87.71161,50.02804,39.33124,54.21492,16.35641,five
87.74973,50.14802,39.21251,54.36382,16.35971,five
104.56916,59.73364,36.47969,52.67105,9.4645,five
104.33601,59.94313,36.40068,53.37122,10.2844,five
104.795,60.1106,36.26381,53.01268,10.36304,five
105.02922,59.72275,36.37234,52.64823,10.71098,five
105.23515,60.24942,36.72346,52.21028,10.7445,five
106.41549,60.15694,36.83817,52.14766,10.89067,five
107.28242,59.5383,36.82644,51.74712,11.03999,five
107.04818,58.45952,37.15448,51.61978,11.19216,five
106.77661,58.86464,37.37795,52.28975,11.85706,five
107.81555,59.12163,37.6972,51.99651,12.47433,five
107.01247,53.62542,45.34676,50.08527,159.78926,five
106.43015,53.90207,45.206,49.72797,160.37522,five
104.07173,53.86031,44.70515,48.84417,160.83361,five
104.19804,53.638,44.83604,49.01049,160.85309,five
104.07121,53.53339,44.75136,49.11028,160.6693,five
105.03693,53.16266,44.95008,48.77338,160.23596,five
104.38651,52.83173,44.69273,48.91139,161.03212,five
104.85558,53.00889,44.44223,48.69859,161.08956,five
105.07613,53.01398,44.42722,48.89544,161.16409,five
106.15429,52.51794,44.4823,49.35044,161.28921,five
115.11356,51.89007,44.15268,45.35752,167.39672,five
111.48739,52.29033,44.22734,45.46344,168.25006,five
111.35009,52.40684,44.474,45.8836,168.65286,five
111.59049,52.17694,44.44324,46.10163,168.71816,five
111.05866,52.30692,44.42169,46.404,169.19187,five
113.77197,49.8315,42.99707,46.14528,167.6379,five
112.22598,50.31802,41.5355,45.59761,166.73493,five
114.48323,49.85196,41.76022,45.00528,167.22802,five
111.65104,52.47,43.30841,46.25737,166.41283,five
112.08077,51.358,43.19383,49.41348,166.98974,five
92.90247,48.39306,46.19301,43.63072,170.7133,five
92.75306,48.53309,46.62745,43.60718,170.4324,five
92.3335,47.48481,45.59304,42.50229,170.21965,five
90.89898,45.01927,46.01622,42.77926,169.79479,five
90.67018,47.03365,46.46733,42.4866,169.89938,five
90.27623,45.68332,46.55853,42.84327,170.58074,five
91.68633,49.53611,45.65221,41.89525,170.20154,five
92.00733,49.27768,46.47192,42.12846,169.81174,five
90.17751,45.55968,46.13303,41.04368,169.09274,five
91.19386,44.29424,45.64843,40.48586,169.5367,five
81.08155,37.60305,36.64362,43.25327,166.53268,five
81.51384,37.69036,36.84053,43.21022,166.48608,five
81.91919,38.19863,37.33564,43.25932,166.66372,five
82.09156,38.23739,37.36818,43.12437,166.66983,five
82.21645,38.29473,37.43549,43.35971,166.68476,five
81.85512,37.93899,37.05978,43.11934,167.00095,five
81.81336,38.04874,37.29802,43.39457,167.12454,five
81.70663,38.05304,37.52596,43.41965,167.15958,five
81.50089,37.50643,37.21572,43.73865,167.25804,five
81.83307,37.51734,37.3511,43.82458,167.97432,five
115.04727,49.23899,44.08338,48.17753,156.58539,five
114.59133,49.31028,44.88848,47.23756,156.97316,five
115.02408,51.3351,45.22027,48.55113,157.52708,five
114.13278,50.14912,45.23439,48.85576,158.05386,five
114.43717,50.46806,45.62667,49.18012,158.77251,five
112.34535,47.80651,45.61517,48.40039,159.97031,five
110.67125,48.76888,45.63545,48.80648,160.56265,five
111.24307,49.24258,46.57653,50.31218,160.68571,five
110.57751,49.0766,47.2084,50.08709,161.31944,five
109.53585,48.97572,47.20393,49.91551,161.62568,five
74.2963,39.69426,40.56931,41.34383,164.60638,five
78.31387,39.17993,40.357,41.74935,165.35236,five
78.81493,39.20182,39.40867,41.66019,164.61856,five
77.31918,38.84738,39.28397,41.39493,164.73705,five
76.80114,38.71766,39.39074,41.42593,165.12359,five
76.50998,38.58561,39.62334,41.59124,164.95634,five
76.24683,38.56067,39.58214,41.40065,165.47983,five
76.27301,38.72437,39.06714,41.05191,165.83411,five
78.2607,38.44503,38.80951,40.91752,166.03288,five
77.67433,38.40265,39.0767,40.78582,165.86653,five
113.17732,46.72626,44.80529,49.53239,158.72938,four
113.71906,46.35361,45.26381,49.43428,158.83542,four
114.28122,46.22353,45.45343,49.46572,158.4583,four
113.73436,46.60743,45.69213,49.46483,158.58329,four
113.64548,46.75626,46.36996,49.51425,158.57586,four
113.49527,46.76244,46.1264,49.38727,158.48503,four
113.72972,46.6883,46.05897,49.45116,158.54376,four
113.35197,46.43142,46.23267,49.63971,158.62766,four
113.40329,46.50493,46.38304,49.72146,158.58311,four
114.11204,46.85398,45.90712,49.38254,158.23341,four
